CREATE DATABASE  IF NOT EXISTS `ecomerce` /*!40100 DEFAULT CHARACTER SET utf8mb4 COLLATE utf8mb4_0900_ai_ci */ /*!80016 DEFAULT ENCRYPTION='N' */;
USE `ecomerce`;
-- MySQL dump 10.13  Distrib 8.0.33, for Win64 (x86_64)
--
-- Host: 103.197.184.197    Database: shopiec
-- ------------------------------------------------------
-- Server version	8.0.35

/*!40101 SET @OLD_CHARACTER_SET_CLIENT=@@CHARACTER_SET_CLIENT */;
/*!40101 SET @OLD_CHARACTER_SET_RESULTS=@@CHARACTER_SET_RESULTS */;
/*!40101 SET @OLD_COLLATION_CONNECTION=@@COLLATION_CONNECTION */;
/*!50503 SET NAMES utf8 */;
/*!40103 SET @OLD_TIME_ZONE=@@TIME_ZONE */;
/*!40103 SET TIME_ZONE='+00:00' */;
/*!40014 SET @OLD_UNIQUE_CHECKS=@@UNIQUE_CHECKS, UNIQUE_CHECKS=0 */;
/*!40014 SET @OLD_FOREIGN_KEY_CHECKS=@@FOREIGN_KEY_CHECKS, FOREIGN_KEY_CHECKS=0 */;
/*!40101 SET @OLD_SQL_MODE=@@SQL_MODE, SQL_MODE='NO_AUTO_VALUE_ON_ZERO' */;
/*!40111 SET @OLD_SQL_NOTES=@@SQL_NOTES, SQL_NOTES=0 */;

--
-- Table structure for table `banner`
--

DROP TABLE IF EXISTS `banner`;
/*!40101 SET @saved_cs_client     = @@character_set_client */;
/*!50503 SET character_set_client = utf8mb4 */;
CREATE TABLE `banner` (
  `ID` int NOT NULL AUTO_INCREMENT,
  `IMAGE` text NOT NULL,
  `LABLE` varchar(255) DEFAULT NULL,
  `TYPE_BANER` tinyint NOT NULL,
  PRIMARY KEY (`ID`)
) ENGINE=InnoDB AUTO_INCREMENT=5 DEFAULT CHARSET=utf8mb4 COLLATE=utf8mb4_0900_ai_ci;
/*!40101 SET character_set_client = @saved_cs_client */;

--
-- Dumping data for table `banner`
--

LOCK TABLES `banner` WRITE;
/*!40000 ALTER TABLE `banner` DISABLE KEYS */;
INSERT INTO `banner` VALUES (1,'https://img.tgdd.vn/imgt/f_webp,fit_outside,quality_100/https://cdn.tgdd.vn/2023/11/banner/IP15-720-220-720x220-3.png','IPHONE 15 ProMax Titan',1),(2,'https://img.tgdd.vn/imgt/f_webp,fit_outside,quality_100/https://cdn.tgdd.vn/2023/10/banner/LAP-GAMING-720-220-720x220.png','Siêu Laptop Gaming',1),(3,'https://img.tgdd.vn/imgt/f_webp,fit_outside,quality_100/https://cdn.tgdd.vn/2023/11/banner/C53-HC-720-220-720x220-4.png','Realme C3 Năm mới',1),(4,'https://img.tgdd.vn/imgt/f_webp,fit_outside,quality_100/https://cdn.tgdd.vn/2023/12/banner/dh-befit-720-220-720x220.png','Apple Watch Befit B3s',1);
/*!40000 ALTER TABLE `banner` ENABLE KEYS */;
UNLOCK TABLES;

--
-- Table structure for table `bill`
--

DROP TABLE IF EXISTS `bill`;
/*!40101 SET @saved_cs_client     = @@character_set_client */;
/*!50503 SET character_set_client = utf8mb4 */;
CREATE TABLE `bill` (
  `ID` int NOT NULL AUTO_INCREMENT,
  `CREATE_AT` datetime NOT NULL DEFAULT CURRENT_TIMESTAMP,
  `ORDER_ID` int NOT NULL,
  `Fee` double NOT NULL,
  PRIMARY KEY (`ID`),
  KEY `FK_B_ORDER` (`ORDER_ID`),
  CONSTRAINT `FK_B_ORDER` FOREIGN KEY (`ORDER_ID`) REFERENCES `order` (`ID`)
) ENGINE=InnoDB AUTO_INCREMENT=240 DEFAULT CHARSET=utf8mb4 COLLATE=utf8mb4_0900_ai_ci;
/*!40101 SET character_set_client = @saved_cs_client */;

--
-- Dumping data for table `bill`
--

LOCK TABLES `bill` WRITE;
/*!40000 ALTER TABLE `bill` DISABLE KEYS */;
INSERT INTO `bill` VALUES (124,'2023-12-09 04:26:08',205,22417000),(125,'2023-12-09 04:31:05',206,25808400),(126,'2023-12-09 06:27:41',207,25000),(127,'2023-12-09 06:30:03',208,4424200),(128,'2023-12-09 06:36:43',209,25000),(129,'2023-12-09 06:44:31',210,2824200),(130,'2023-12-09 06:46:31',211,2824200),(131,'2023-12-09 06:48:07',212,2824200),(132,'2023-12-09 12:14:21',213,121593000),(133,'2023-12-09 12:33:30',215,8823400),(134,'2023-12-09 13:02:39',219,86401000),(135,'2023-12-09 13:15:56',220,6104200),(136,'2023-12-09 14:19:26',223,21617000),(137,'2023-12-09 14:21:45',224,57609000),(138,'2023-12-09 14:28:51',225,28817000),(139,'2023-12-09 14:32:51',226,67209000),(140,'2023-12-09 14:36:41',227,15217000),(141,'2023-12-09 14:41:11',228,57609000),(142,'2023-12-09 14:43:13',229,4424200),(143,'2023-12-09 14:44:26',230,1824400),(144,'2023-12-09 14:47:55',231,1824400),(145,'2023-12-09 14:52:58',232,15217000),(146,'2023-12-09 15:01:13',233,138400),(147,'2023-12-09 15:04:47',234,3457000),(148,'2023-12-09 15:09:48',235,21617000),(149,'2023-12-09 15:11:22',236,15217000),(150,'2023-12-09 15:21:55',237,15217000),(151,'2023-12-09 15:22:32',238,22417000),(152,'2023-12-09 15:24:49',239,1144200),(153,'2023-12-09 15:48:11',240,57609000),(154,'2023-12-09 15:50:39',241,98686500),(155,'2023-12-09 16:05:54',242,15217000),(156,'2023-12-09 16:07:03',243,16824200),(157,'2023-12-09 16:38:21',249,6024200),(158,'2023-12-09 16:38:39',250,100801000),(159,'2023-12-09 16:39:26',251,2344200),(160,'2023-12-09 17:02:49',252,43209000),(161,'2023-12-09 18:32:22',253,4424200),(162,'2023-12-09 19:02:54',254,5303400),(163,'2023-12-09 19:05:17',255,30417000),(164,'2023-12-09 12:05:51',256,15217000),(165,'2023-12-09 19:14:38',257,12017000),(166,'2023-12-20 09:52:54',258,15217000),(167,'2023-12-20 09:56:42',259,15217000),(168,'2023-12-20 10:24:07',260,2977000),(169,'2023-12-20 17:43:02',261,25000),(170,'2023-12-20 17:46:02',262,1064200),(171,'2023-12-27 20:29:15',263,28817000),(172,'2023-12-27 20:42:44',264,57609000),(173,'2023-12-28 11:14:06',265,3623800),(174,'2023-12-28 17:20:24',266,1384200),(175,'2024-01-01 17:59:33',267,19566500),(176,'2024-01-01 19:53:53',268,35716500),(177,'2024-01-02 01:33:29',270,11916500),(178,'2024-01-02 01:35:39',271,19566500),(179,'2024-01-03 13:27:02',272,39108000),(180,'2024-01-03 14:05:11',273,8695000),(181,'2024-01-03 14:11:20',274,8695000),(182,'2024-01-03 14:22:01',275,11916500),(183,'2024-01-03 14:29:50',276,14466500),(184,'2024-01-03 14:43:23',277,21429700),(185,'2024-01-03 20:09:10',279,8695000),(186,'2024-01-03 23:00:54',280,8695000),(187,'2024-01-03 23:02:29',281,8695000),(188,'2024-01-03 23:07:01',282,8695000),(189,'2024-01-03 23:07:01',283,8695000),(190,'2024-01-03 23:31:23',284,8695000),(191,'2024-01-04 01:28:26',285,11916500),(192,'2024-01-04 01:29:58',286,11916500),(193,'2024-01-04 01:31:18',287,11916500),(194,'2024-01-04 01:35:21',288,11916500),(195,'2024-01-04 01:38:13',289,11916500),(196,'2024-01-04 01:42:30',290,11916500),(197,'2024-01-04 01:47:24',291,11916500),(198,'2024-01-04 01:49:58',292,11916500),(199,'2024-01-04 01:56:24',293,11916500),(200,'2024-01-04 02:04:23',294,11916500),(201,'2024-01-04 02:05:58',295,11916500),(202,'2024-01-04 02:10:13',296,11916500),(203,'2024-01-04 02:49:29',297,23808000),(204,'2024-01-04 02:52:12',298,23808000),(205,'2024-01-04 02:53:16',299,23808000),(206,'2024-01-04 02:56:31',300,23808000),(207,'2024-01-04 03:01:51',301,23808000),(208,'2024-01-04 03:05:53',302,23808000),(209,'2024-01-04 03:08:45',303,23808000),(210,'2024-01-04 09:21:07',304,8695000),(211,'2024-01-05 02:58:24',305,264200),(212,'2024-01-04 20:13:59',306,11224200),(213,'2024-01-04 20:20:45',307,12824200),(214,'2024-01-04 20:22:16',308,63350),(215,'2024-01-04 20:29:32',309,206300),(216,'2024-01-05 09:17:08',310,8695000),(217,'2024-01-05 13:34:09',311,26366500),(218,'2024-01-05 13:44:56',312,11916500),(219,'2024-01-05 13:47:09',313,19566500),(220,'2024-01-05 13:48:50',314,19566500),(221,'2024-01-05 13:49:15',315,19566500),(222,'2024-01-05 15:29:38',316,16635275),(223,'2024-01-05 22:23:54',317,11916500),(224,'2024-01-05 22:26:54',318,904200),(225,'2024-01-05 22:28:58',319,11916500),(226,'2024-01-05 22:35:17',320,11916500),(227,'2024-01-05 22:58:39',321,26366500),(228,'2024-01-05 22:59:46',322,26366500),(229,'2024-01-05 23:02:50',323,26366500),(230,'2024-01-05 23:31:05',324,23816500),(231,'2024-01-06 00:42:17',325,12824200),(232,'2024-01-06 01:53:52',326,12766500),(233,'2024-01-06 02:16:16',327,1064200),(234,'2024-01-06 08:54:14',328,63350),(235,'2024-01-06 08:55:16',329,138400),(236,'2024-01-06 09:00:10',330,184200),(237,'2024-01-06 09:00:10',331,184200),(238,'2024-01-06 09:00:10',332,1624200),(239,'2024-01-06 10:11:42',333,1624200);
/*!40000 ALTER TABLE `bill` ENABLE KEYS */;
UNLOCK TABLES;

--
-- Table structure for table `chat`
--

DROP TABLE IF EXISTS `chat`;
/*!40101 SET @saved_cs_client     = @@character_set_client */;
/*!50503 SET character_set_client = utf8mb4 */;
CREATE TABLE `chat` (
  `ID` int NOT NULL AUTO_INCREMENT,
  `PARTICIPANTL_1` int NOT NULL DEFAULT (1),
  `PARTICIPANTL_2` int NOT NULL,
  PRIMARY KEY (`ID`),
  KEY `FK_CHAT_USER` (`PARTICIPANTL_2`),
  CONSTRAINT `FK_CHAT_USER` FOREIGN KEY (`PARTICIPANTL_2`) REFERENCES `user` (`ID`)
) ENGINE=InnoDB AUTO_INCREMENT=35 DEFAULT CHARSET=utf8mb4 COLLATE=utf8mb4_0900_ai_ci;
/*!40101 SET character_set_client = @saved_cs_client */;

--
-- Dumping data for table `chat`
--

LOCK TABLES `chat` WRITE;
/*!40000 ALTER TABLE `chat` DISABLE KEYS */;
INSERT INTO `chat` VALUES (31,91,80),(32,91,115),(33,91,18),(34,91,132);
/*!40000 ALTER TABLE `chat` ENABLE KEYS */;
UNLOCK TABLES;

--
-- Table structure for table `color`
--

DROP TABLE IF EXISTS `color`;
/*!40101 SET @saved_cs_client     = @@character_set_client */;
/*!50503 SET character_set_client = utf8mb4 */;
CREATE TABLE `color` (
  `ID` int NOT NULL AUTO_INCREMENT,
  `DESCRIPTION` varchar(100) NOT NULL,
  PRIMARY KEY (`ID`)
) ENGINE=InnoDB AUTO_INCREMENT=5 DEFAULT CHARSET=utf8mb4 COLLATE=utf8mb4_0900_ai_ci;
/*!40101 SET character_set_client = @saved_cs_client */;

--
-- Dumping data for table `color`
--

LOCK TABLES `color` WRITE;
/*!40000 ALTER TABLE `color` DISABLE KEYS */;
INSERT INTO `color` VALUES (1,'000000'),(2,'333333'),(3,'BBBBBB'),(4,'FF0000');
/*!40000 ALTER TABLE `color` ENABLE KEYS */;
UNLOCK TABLES;

--
-- Table structure for table `comment`
--

DROP TABLE IF EXISTS `comment`;
/*!40101 SET @saved_cs_client     = @@character_set_client */;
/*!50503 SET character_set_client = utf8mb4 */;
CREATE TABLE `comment` (
  `ID` int NOT NULL AUTO_INCREMENT,
  `CONTENT_CMT` text NOT NULL,
  `CREATE_AT` datetime NOT NULL DEFAULT CURRENT_TIMESTAMP,
  `RATING` int NOT NULL,
  `IS_CHECK` tinyint NOT NULL DEFAULT (0),
  `USER_ID` int NOT NULL,
  `ITEM_ID` int NOT NULL,
  PRIMARY KEY (`ID`),
  KEY `FK_CMT_ITEM` (`ITEM_ID`),
  KEY `FK_CMT_USER` (`USER_ID`),
  CONSTRAINT `FK_CMT_ITEM` FOREIGN KEY (`ITEM_ID`) REFERENCES `item` (`ID`),
  CONSTRAINT `FK_CMT_USER` FOREIGN KEY (`USER_ID`) REFERENCES `user` (`ID`)
) ENGINE=InnoDB AUTO_INCREMENT=70 DEFAULT CHARSET=utf8mb4 COLLATE=utf8mb4_0900_ai_ci;
/*!40101 SET character_set_client = @saved_cs_client */;

--
-- Dumping data for table `comment`
--

LOCK TABLES `comment` WRITE;
/*!40000 ALTER TABLE `comment` DISABLE KEYS */;
INSERT INTO `comment` VALUES (49,'Máy mượtttttttttttttttttttttttttttttttttttttttttt','2023-12-09 04:51:18',5,1,18,672),(58,'Vipp ','2023-12-13 21:11:21',5,1,80,681),(65,'Quá ok','2023-12-13 21:11:21',5,1,80,681),(66,'Đỉnh','2023-12-13 21:11:21',5,1,80,681),(67,'Ok lắm','2023-12-28 09:54:21',4,1,18,672),(68,'Quá tệ','2024-01-01 18:01:00',3,1,109,621),(69,'Tốt lắm ','2024-01-06 10:28:15',5,1,18,621);
/*!40000 ALTER TABLE `comment` ENABLE KEYS */;
UNLOCK TABLES;

--
-- Table structure for table `contact`
--

DROP TABLE IF EXISTS `contact`;
/*!40101 SET @saved_cs_client     = @@character_set_client */;
/*!50503 SET character_set_client = utf8mb4 */;
CREATE TABLE `contact` (
  `ID` int NOT NULL AUTO_INCREMENT,
  `FULL_NAME` varchar(250) NOT NULL,
  `PHONE` varchar(20) NOT NULL,
  `EMAIL` varchar(100) NOT NULL,
  `CONTENT` text NOT NULL,
  `CREATE_AT` datetime NOT NULL,
  PRIMARY KEY (`ID`)
) ENGINE=InnoDB AUTO_INCREMENT=32 DEFAULT CHARSET=utf8mb4 COLLATE=utf8mb4_0900_ai_ci;
/*!40101 SET character_set_client = @saved_cs_client */;

--
-- Dumping data for table `contact`
--

LOCK TABLES `contact` WRITE;
/*!40000 ALTER TABLE `contact` DISABLE KEYS */;
INSERT INTO `contact` VALUES (29,'Tran Phi Long','123456789','tranphilong2301@gamil.com','Liên hệ đối tác','2024-01-05 18:03:38'),(30,'Anh','123123123','aa@gmail.com','Call me','2024-01-05 18:07:26'),(31,'Đoàn Mai Đạt','000000000','Dat@gmail.com','Alo','2024-01-06 09:36:07');
/*!40000 ALTER TABLE `contact` ENABLE KEYS */;
UNLOCK TABLES;

--
-- Table structure for table `delivery_status`
--

DROP TABLE IF EXISTS `delivery_status`;
/*!40101 SET @saved_cs_client     = @@character_set_client */;
/*!50503 SET character_set_client = utf8mb4 */;
CREATE TABLE `delivery_status` (
  `ID` int NOT NULL AUTO_INCREMENT,
  `DESCRIPTION` varchar(100) NOT NULL,
  PRIMARY KEY (`ID`)
) ENGINE=InnoDB AUTO_INCREMENT=5 DEFAULT CHARSET=utf8mb4 COLLATE=utf8mb4_0900_ai_ci;
/*!40101 SET character_set_client = @saved_cs_client */;

--
-- Dumping data for table `delivery_status`
--

LOCK TABLES `delivery_status` WRITE;
/*!40000 ALTER TABLE `delivery_status` DISABLE KEYS */;
INSERT INTO `delivery_status` VALUES (1,'Processing'),(2,'Delivering'),(3,'Delivered');
/*!40000 ALTER TABLE `delivery_status` ENABLE KEYS */;
UNLOCK TABLES;

--
-- Table structure for table `event`
--

DROP TABLE IF EXISTS `event`;
/*!40101 SET @saved_cs_client     = @@character_set_client */;
/*!50503 SET character_set_client = utf8mb4 */;
CREATE TABLE `event` (
  `ID` int NOT NULL AUTO_INCREMENT,
  `TITLE` text NOT NULL,
  `IMAGE` text NOT NULL,
  `DESCRIPTION` text NOT NULL,
  `START_DATE` datetime NOT NULL,
  `END_DATE` datetime NOT NULL,
  PRIMARY KEY (`ID`)
) ENGINE=InnoDB AUTO_INCREMENT=38 DEFAULT CHARSET=utf8mb4 COLLATE=utf8mb4_0900_ai_ci;
/*!40101 SET character_set_client = @saved_cs_client */;

--
-- Dumping data for table `event`
--

LOCK TABLES `event` WRITE;
/*!40000 ALTER TABLE `event` DISABLE KEYS */;
INSERT INTO `event` VALUES (11,'BirthDay','https://img.tgdd.vn/imgt/f_webp,fit_outside,quality_75/https://cdn.tgdd.vn/2023/11/banner/Mayincu-1200-255-1200x255.png','Happy','2023-12-31 06:27:41','2023-01-09 06:27:41'),(12,'BirthDay','https://img.tgdd.vn/imgt/f_webp,fit_outside,quality_75/https://cdn.tgdd.vn/2023/11/banner/MANCU-1200-255-1200x255.png','Happy','2023-12-31 06:27:41','2023-01-09 06:27:41'),(13,'BirthDay','https://img.tgdd.vn/imgt/f_webp,fit_outside,quality_75/https://cdn.tgdd.vn/2023/11/banner/DTCU-1200-255-1200x255.png','Happy','2023-12-31 06:27:41','2023-01-09 06:27:41'),(14,'BirthDay','https://img.tgdd.vn/imgt/f_webp,fit_outside,quality_75/https://cdn.tgdd.vn/2023/11/banner/TABCU-1200-255-1200x255.png','Happy','2023-12-31 06:27:41','2023-01-09 06:27:41'),(15,'BirthDay','https://img.tgdd.vn/imgt/f_webp,fit_outside,quality_75/https://cdn.tgdd.vn/2023/12/banner/Lapcu-1200-255-1200x255-1.png','Happy','2023-12-31 06:27:41','2023-01-09 06:27:41'),(16,'BirthDay','https://img.tgdd.vn/imgt/f_webp,fit_outside,quality_75/https://cdn.tgdd.vn/2023/12/banner/DHTT-DSD-1200-255-1200x255.png','Happy','2023-12-31 06:27:41','2023-01-09 06:27:41'),(17,'BirthDay','https://img.tgdd.vn/imgt/f_webp,fit_outside,quality_75/https://cdn.tgdd.vn/2023/12/banner/DTTMCU-1200-255-1200x255.png','Happy','2023-12-31 06:27:41','2023-01-09 06:27:41'),(18,'BirthDay','https://img.tgdd.vn/imgt/f_webp,fit_outside,quality_75/https://cdn.tgdd.vn/2023/12/banner/DHTL-1200-255-1200x255.png','Happy','2023-12-31 06:27:41','2023-01-09 06:27:41'),(19,'NewYear','https://img.tgdd.vn/imgt/f_webp,fit_outside,quality_75/https://cdn.tgdd.vn/2023/12/banner/DHTL-1200-255-1200x255.png','Happy','2023-12-31 06:27:41','2024-12-09 06:27:41'),(27,'NewYear','https://img.tgdd.vn/imgt/f_webp,fit_outside,quality_75/https://cdn.tgdd.vn/2023/12/banner/DHTL-1200-255-1200x255.png','Happy','2024-01-01 00:00:00','2024-01-03 23:59:59'),(28,'NewYear','https://img.tgdd.vn/imgt/f_webp,fit_outside,quality_75/https://cdn.tgdd.vn/2023/12/banner/DHTL-1200-255-1200x255.png','NewYear','2024-01-01 00:00:00','2024-01-03 23:59:59'),(29,'NewYear','https://img.tgdd.vn/imgt/f_webp,fit_outside,quality_75/https://cdn.tgdd.vn/2023/12/banner/DHTL-1200-255-1200x255.png','NewYear','2024-01-01 00:00:00','2024-01-03 23:59:59'),(30,'NewYear','https://img.tgdd.vn/imgt/f_webp,fit_outside,quality_75/https://cdn.tgdd.vn/2023/12/banner/DHTL-1200-255-1200x255.png','NewYear','2024-01-01 00:00:00','2024-01-03 23:59:59'),(36,'NewYear2','https://img.tgdd.vn/imgt/f_webp,fit_outside,quality_75/https://cdn.tgdd.vn/2023/12/banner/DHTL-1200-255-1200x255.png','NewYear','2024-01-01 00:00:00','2024-01-10 23:59:59'),(37,'NewYear1','https://res.cloudinary.com/dte2ps5qs/image/upload/v1704164542/sgzjwfuq5osr8ejdsjbf.png','NewYear2024','2024-01-08 00:00:00','2024-02-18 23:59:00');
/*!40000 ALTER TABLE `event` ENABLE KEYS */;
UNLOCK TABLES;

--
-- Table structure for table `gifcode`
--

DROP TABLE IF EXISTS `gifcode`;
/*!40101 SET @saved_cs_client     = @@character_set_client */;
/*!50503 SET character_set_client = utf8mb4 */;
CREATE TABLE `gifcode` (
  `ID` int NOT NULL AUTO_INCREMENT,
  `CODE` text NOT NULL,
  `REMAINING_USAGE` int DEFAULT '1',
  `EXPIRATION_DATE` datetime NOT NULL,
  `EVENT_ID` int NOT NULL,
  `DISCOUNT_CODE` double NOT NULL,
  PRIMARY KEY (`ID`),
  KEY `FK_GIFCODE_EVENT` (`EVENT_ID`),
  CONSTRAINT `FK_GIFCODE_EVENT` FOREIGN KEY (`EVENT_ID`) REFERENCES `event` (`ID`)
) ENGINE=InnoDB AUTO_INCREMENT=12 DEFAULT CHARSET=utf8mb4 COLLATE=utf8mb4_0900_ai_ci;
/*!40101 SET character_set_client = @saved_cs_client */;

--
-- Dumping data for table `gifcode`
--

LOCK TABLES `gifcode` WRITE;
/*!40000 ALTER TABLE `gifcode` DISABLE KEYS */;
INSERT INTO `gifcode` VALUES (3,'202ADSD4',95,'2024-12-09 06:27:41',19,10),(10,'ZHR6T3R7E9',1,'2024-01-06 23:59:59',36,1),(11,'TET2024',8,'2024-02-18 23:59:00',37,15);
/*!40000 ALTER TABLE `gifcode` ENABLE KEYS */;
UNLOCK TABLES;

--
-- Table structure for table `image_item`
--

DROP TABLE IF EXISTS `image_item`;
/*!40101 SET @saved_cs_client     = @@character_set_client */;
/*!50503 SET character_set_client = utf8mb4 */;
CREATE TABLE `image_item` (
  `ID` int NOT NULL AUTO_INCREMENT,
  `IMAGE` text NOT NULL,
  `ITEM_ID` int NOT NULL,
  PRIMARY KEY (`ID`),
  KEY `FK_IMAGEITEM_ITEM` (`ITEM_ID`),
  CONSTRAINT `FK_IMAGEITEM_ITEM` FOREIGN KEY (`ITEM_ID`) REFERENCES `item` (`ID`)
) ENGINE=InnoDB AUTO_INCREMENT=3548 DEFAULT CHARSET=utf8mb4 COLLATE=utf8mb4_0900_ai_ci;
/*!40101 SET character_set_client = @saved_cs_client */;

--
-- Dumping data for table `image_item`
--

LOCK TABLES `image_item` WRITE;
/*!40000 ALTER TABLE `image_item` DISABLE KEYS */;
INSERT INTO `image_item` VALUES (2879,'https://th.bing.com/th/id/OIP.hY6OZsylcrqx_hb4XuJaggHaEK?w=296&h=180&c=7&r=0&o=5&dpr=1.3&pid=1.7',572),(2880,'https://th.bing.com/th/id/OIP.A3C5df_ztrDqguPmiU4JDQHaHa?w=166&h=180&c=7&r=0&o=5&dpr=1.3&pid=1.7',572),(2881,'https://th.bing.com/th/id/OIP.3u3PjSJbz3Vbk66TOA2regHaJb?w=130&h=180&c=7&r=0&o=5&dpr=1.3&pid=1.7',572),(2882,'https://th.bing.com/th/id/OIP.A3C5df_ztrDqguPmiU4JDQHaHa?w=166&h=180&c=7&r=0&o=5&dpr=1.3&pid=1.7',572),(2883,'https://th.bing.com/th/id/OIP.J3-AyHCOsmP0u4MzB9d9xgHaEK?w=298&h=180&c=7&r=0&o=5&dpr=1.3&pid=1.7',572),(2884,'https://th.bing.com/th/id/OIP.CbUIEh3odqrbP7Uul314hgHaEm?w=277&h=180&c=7&r=0&o=5&dpr=1.3&pid=1.7',572),(2885,'https://th.bing.com/th/id/OIP.GFVgtTweSufONQDq8sLr5gHaE7?w=253&h=180&c=7&r=0&o=5&dpr=1.3&pid=1.7',573),(2886,'https://th.bing.com/th/id/OIP.NiGaY4txGcRu-xmhuylFYwHaJB?w=138&h=180&c=7&r=0&o=5&dpr=1.3&pid=1.7',573),(2887,'https://th.bing.com/th/id/OIP.ibsmL10o1667Je4fNvJuYAHaDt?w=318&h=180&c=7&r=0&o=5&dpr=1.3&pid=1.7',573),(2888,'https://th.bing.com/th/id/OIP.CbUIEh3odqrbP7Uul314hgHaEm?w=277&h=180&c=7&r=0&o=5&dpr=1.3&pid=1.7',573),(2889,'https://th.bing.com/th/id/OIP.hX6Y9QihcCjm8Ve6jovHUgHaE8?w=257&h=180&c=7&r=0&o=5&dpr=1.3&pid=1.7',573),(2890,'https://th.bing.com/th/id/OIP.hX6Y9QihcCjm8Ve6jovHUgHaE8?w=257&h=180&c=7&r=0&o=5&dpr=1.3&pid=1.7',573),(2891,'https://th.bing.com/th/id/OIP.JE26VTPKF-E4rYaYjZXOrgHaHa?w=183&h=183&c=7&r=0&o=5&dpr=1.3&pid=1.7',574),(2892,'https://th.bing.com/th/id/OIP.Nh33s0CCtvdY-mfni8skHwHaHa?w=183&h=183&c=7&r=0&o=5&dpr=1.3&pid=1.7',574),(2893,'https://th.bing.com/th/id/OIP.ztWYkInHXuUSTKUYnaW5_QHaHa?w=183&h=183&c=7&r=0&o=5&dpr=1.3&pid=1.7',574),(2894,'https://th.bing.com/th/id/OIP.72-7216YVPXthl7oDyFjSwHaHa?w=183&h=183&c=7&r=0&o=5&dpr=1.3&pid=1.7',574),(2895,'https://th.bing.com/th/id/OIP.eJ15ZvXx9GZG4a5fgxd-hwHaE9?w=223&h=180&c=7&r=0&o=5&dpr=1.3&pid=1.7',574),(2896,'https://th.bing.com/th/id/OIP.9JDdtjmWcvedNQqOsmeTrgHaEK?w=226&h=180&c=7&r=0&o=5&dpr=1.3&pid=1.7',574),(2897,'https://th.bing.com/th?q=iPhone+13+Pro+Max+Luxury+Case&w=120&h=120&c=1&rs=1&qlt=90&cb=1&dpr=1.3&pid=InlineBlock&mkt=en-WW&cc=VN&setlang=en&adlt=strict&t=1&mw=247&thvar=defdefault',570),(2898,'https://th.bing.com/th/id/OIP.HmjmqqrRcUPjSdDRJDd5XQHaKe?w=130&h=185&c=7&r=0&o=5&dpr=1.3&pid=1.7',570),(2899,'https://th.bing.com/th/id/OIP.znODEBfTIw58p9gPN6gmCAHaGc?w=213&h=185&c=7&r=0&o=5&dpr=1.3&pid=1.7',570),(2900,'https://th.bing.com/th/id/OIP.JJKJX9HOg7CDK__XAcS9eQHaHa?w=185&h=185&c=7&r=0&o=5&dpr=1.3&pid=1.7',570),(2901,'https://th.bing.com/th?q=iPhone+13+Pro+Max+Screen&w=120&h=120&c=1&rs=1&qlt=90&cb=1&dpr=1.3&pid=InlineBlock&mkt=en-WW&cc=VN&setlang=en&adlt=strict&t=1&mw=247&thvar=defdefault',570),(2902,'https://th.bing.com/th?q=iPhone+13+Pro+Max+Luxury+Case&w=120&h=120&c=1&rs=1&qlt=90&cb=1&dpr=1.3&pid=InlineBlock&mkt=en-WW&cc=VN&setlang=en&adlt=strict&t=1&mw=247&thvar=defdefault',570),(2903,'https://th.bing.com/th/id/OIP.Cg6_ux4VXs6yWJWjll_UwgHaE8?w=255&h=180&c=7&r=0&o=5&dpr=1.3&pid=1.7',571),(2904,'https://th.bing.com/th/id/OIP.OVIY-5DG0jEtCMtlH2tToAHaE8?w=255&h=180&c=7&r=0&o=5&dpr=1.3&pid=1.7',571),(2905,'https://th.bing.com/th/id/OIP.OVIY-5DG0jEtCMtlH2tToAHaE8?w=255&h=180&c=7&r=0&o=5&dpr=1.3&pid=1.7',571),(2906,'https://th.bing.com/th/id/OIP.X3nYzp1PZD5EZ8QYj9HSEgHaE4?w=258&h=180&c=7&r=0&o=5&dpr=1.3&pid=1.7',571),(2907,'https://th.bing.com/th/id/OIP.trYl9_030JpqgurIc0OEKQHaHa?w=176&h=180&c=7&r=0&o=5&dpr=1.3&pid=1.7',571),(2908,'https://th.bing.com/th/id/OIP._xFQuGgqVHuNycUenGzWggHaE7?w=264&h=180&c=7&r=0&o=5&dpr=1.3&pid=1.7',571),(2909,'https://th.bing.com/th/id/OIP.bTwKF71IQEjV6sapmk2DJgHaEK?w=284&h=180&c=7&r=0&o=5&dpr=1.3&pid=1.7',590),(2910,'https://th.bing.com/th/id/OIP.Wx2Nm8gkegJL1H4-iyjSOQHaHa?w=177&h=180&c=7&r=0&o=5&dpr=1.3&pid=1.7',590),(2911,'https://th.bing.com/th/id/OIP.JMNVR5gvTPZd4R3xgignvAHaHa?w=177&h=180&c=7&r=0&o=5&dpr=1.3&pid=1.7',590),(2912,'https://th.bing.com/th/id/OIP.2ydbQxpDUSGmoZoOj5r3wAHaHa?w=177&h=180&c=7&r=0&o=5&dpr=1.3&pid=1.7',590),(2913,'https://th.bing.com/th/id/OIP.Bp7NDqfLlUBbLBB3aqNwbwHaE6?w=237&h=180&c=7&r=0&o=5&dpr=1.3&pid=1.7',590),(2914,'https://th.bing.com/th/id/OIP.WANhqQnSq0sqq5zLzGNGxAHaHa?w=174&h=180&c=7&r=0&o=5&dpr=1.3&pid=1.7',590),(2915,'https://th.bing.com/th/id/OIP.HCW__y8hUpREnbh4PvhWNQHaI2?w=139&h=180&c=7&r=0&o=5&dpr=1.3&pid=1.7',591),(2916,'https://th.bing.com/th/id/OIP.mmkvNo0REpbaK64QIvlk0QHaI-?w=137&h=180&c=7&r=0&o=5&dpr=1.3&pid=1.7',591),(2917,'https://th.bing.com/th/id/OIP.CgEhLZYDsK9E-pTb6gxjrwHaHa?w=166&h=180&c=7&r=0&o=5&dpr=1.3&pid=1.7',591),(2918,'https://th.bing.com/th/id/OIP.B2rUdNzvzVBz57YWcjeyvQHaIK?w=151&h=180&c=7&r=0&o=5&dpr=1.3&pid=1.7',591),(2919,'https://th.bing.com/th/id/OIP.jyc2OMnwSE-ChJa00IvstwHaE8?w=214&h=180&c=7&r=0&o=5&dpr=1.3&pid=1.7',591),(2920,'https://th.bing.com/th/id/OIP.jyc2OMnwSE-ChJa00IvstwHaE8?w=214&h=180&c=7&r=0&o=5&dpr=1.3&pid=1.7',591),(2921,'https://th.bing.com/th/id/OIP.eN__QNerUcqeLMW6GX-hmAHaHz?w=178&h=188&c=7&r=0&o=5&dpr=1.3&pid=1.7',592),(2922,'https://th.bing.com/th/id/OIP.YNdJt79xU1bUoJAxfqpnMQHaHy?w=178&h=188&c=7&r=0&o=5&dpr=1.3&pid=1.7',592),(2923,'https://th.bing.com/th/id/OIP.KnPVHDWQNM6HcKAhMzYsSQHaE8?w=282&h=188&c=7&r=0&o=5&dpr=1.3&pid=1.7',592),(2924,'https://th.bing.com/th/id/OIP.kocOH4ksMqjO6vyUaMN-aQHaFy?w=240&h=188&c=7&r=0&o=5&dpr=1.3&pid=1.7',592),(2925,'https://th.bing.com/th/id/OIP.9azHalYzcAAWVsprz1zoFAHaFj?w=250&h=187&c=7&r=0&o=5&dpr=1.3&pid=1.7',592),(2926,'https://th.bing.com/th/id/OIP.Sa2iZ_YGNjcLpsQR1iPt1wHaEK?w=296&h=180&c=7&r=0&o=5&dpr=1.3&pid=1.7',592),(2927,'https://th.bing.com/th/id/OIP.StQLl4Ro18lAwl31PjT5_wHaHa?w=187&h=187&c=7&r=0&o=5&dpr=1.3&pid=1.7',593),(2928,'https://th.bing.com/th/id/OIP.UMRgMotkLCexPlSu5wO5kgHaEK?w=333&h=187&c=7&r=0&o=5&dpr=1.3&pid=1.7',593),(2929,'https://th.bing.com/th/id/OIP.Ee9JNrjuKxEj6XNTHEIm5gHaHa?w=187&h=187&c=7&r=0&o=5&dpr=1.3&pid=1.7',593),(2930,'https://th.bing.com/th/id/OIP.KgCvcx1NFXYnn2br3vsTXQHaHa?w=176&h=180&c=7&r=0&o=5&dpr=1.3&pid=1.7',593),(2931,'https://th.bing.com/th/id/OIP.kxBZig5KxwEhKHdu1I524QHaIC?w=162&h=180&c=7&r=0&o=5&dpr=1.3&pid=1.7',593),(2932,'https://th.bing.com/th/id/OIP.9XEnXe6nk3Cv77vlWDfIbwHaHa?w=164&h=180&c=7&r=0&o=5&dpr=1.3&pid=1.7',593),(2933,'https://th.bing.com/th/id/OIP.N0y1-tNiq2jRYatEO4tMSQHaEK?w=322&h=181&c=7&r=0&o=5&dpr=1.3&pid=1.7',594),(2934,'https://th.bing.com/th/id/OIP.uk4OZAheVDBpRTBO-HfKCgHaIj?w=126&h=181&c=7&r=0&o=5&dpr=1.3&pid=1.7',594),(2935,'https://th.bing.com/th/id/OIP.2ZyD0lb4fb2qaiTAPbDevAHaF-?w=224&h=181&c=7&r=0&o=5&dpr=1.3&pid=1.7',594),(2936,'https://th.bing.com/th/id/OIP.mAlPeZWziKjKSnF8UhY1nwHaIU?w=160&h=181&c=7&r=0&o=5&dpr=1.3&pid=1.7',594),(2937,'https://th.bing.com/th/id/OIP.aLLRRJ4oZhgeGw7UoOJGygHaFj?w=236&h=180&c=7&r=0&o=5&dpr=1.3&pid=1.7',594),(2938,'https://th.bing.com/th/id/OIP.Qe1Y6POzdlmYqb9l5NiYOAHaEK?w=334&h=187&c=7&r=0&o=5&dpr=1.3&pid=1.7',594),(2939,'https://th.bing.com/th/id/OIP.k5wSezGy1hvaqT9vKZ3M1wHaFj?w=231&h=180&c=7&r=0&o=5&dpr=1.3&pid=1.7',600),(2940,'https://th.bing.com/th/id/OIP.k5wSezGy1hvaqT9vKZ3M1wHaFj?w=231&h=180&c=7&r=0&o=5&dpr=1.3&pid=1.7',600),(2941,'https://th.bing.com/th/id/OIP.HuTS9KJ1ryaf5Avb0HIX5QHaHa?w=164&h=180&c=7&r=0&o=5&dpr=1.3&pid=1.7',600),(2942,'https://th.bing.com/th/id/OIP.WCdjKLj57pxFJ0OECnzMDgHaEZ?w=277&h=180&c=7&r=0&o=5&dpr=1.3&pid=1.7',600),(2943,'https://th.bing.com/th/id/OIP.mTS_8hefWZ0Ip1l8tizT-gHaE8?w=294&h=196&c=7&r=0&o=5&dpr=1.3&pid=1.7',600),(2944,'https://th.bing.com/th/id/OIP.C-3JG6Kx3tSMPM3RVab7UAHaD4?w=335&h=180&c=7&r=0&o=5&dpr=1.3&pid=1.7',600),(2945,'https://th.bing.com/th/id/OIP.G0vie3126XceiWb-DXDPiQHaEK?w=315&h=180&c=7&r=0&o=5&dpr=1.3&pid=1.7',601),(2946,'https://th.bing.com/th/id/OIP.CLYIDWgamTyV1wTWYnptfAHaER?w=277&h=180&c=7&r=0&o=5&dpr=1.3&pid=1.7',601),(2947,'https://th.bing.com/th/id/OIP.QcVIaxwuzvAP2qomA2b9WgHaD-?w=298&h=180&c=7&r=0&o=5&dpr=1.3&pid=1.7',601),(2948,'https://th.bing.com/th/id/OIP.fuUyaSSZ0IFUrfnkfFRIZwHaEK?w=374&h=180&c=7&r=0&o=5&dpr=1.3&pid=1.7',601),(2949,'https://th.bing.com/th/id/OIP.q3ZZBnWBV6fN73VlG3XnCwHaE6?w=261&h=180&c=7&r=0&o=5&dpr=1.3&pid=1.7',601),(2950,'https://th.bing.com/th/id/OIP.k4dJI0UKFxH3KENX2qejPwHaE8?w=260&h=180&c=7&r=0&o=5&dpr=1.3&pid=1.7',601),(2951,'https://th.bing.com/th/id/OIP.nWw9UsdUcLnCLP4R5CRiGwHaD3?w=318&h=180&c=7&r=0&o=5&dpr=1.3&pid=1.7',602),(2952,'https://th.bing.com/th/id/OIP.gg9_uAsdssxp0qM-Mb44wgHaDf?w=89&h=89&c=1&rs=1&qlt=90&r=0&dpr=1.3&pid=InlineBlock',602),(2953,'https://th.bing.com/th/id/OIP.mpakS1f2cebG-9BepnJJQgHaDf?w=89&h=90&c=1&rs=1&qlt=90&r=0&dpr=1.3&pid=InlineBlock',602),(2954,'https://th.bing.com/th/id/OIP.nqf-MRaLpRDw_aEjTHaVpwHaEK?w=300&h=180&c=7&r=0&o=5&dpr=1.3&pid=1.7',602),(2955,'https://th.bing.com/th/id/OIP.HtKY2eKJkbjQJq3KK2cxwwHaFX?w=233&h=180&c=7&r=0&o=5&dpr=1.3&pid=1.7',602),(2956,'https://th.bing.com/th/id/OIP.OcYAF7g7rHA2mapIg_cftQHaE8?w=219&h=180&c=7&r=0&o=5&dpr=1.3&pid=1.7',602),(2957,'https://th.bing.com/th/id/OIP.1w4wTIBpzvdqvk3qF2qdhQHaEp?w=277&h=180&c=7&r=0&o=5&dpr=1.3&pid=1.7',603),(2958,'https://th.bing.com/th/id/OIP.jcYme1oxzNQ7oWREJiBsRgHaE8?w=261&h=180&c=7&r=0&o=5&dpr=1.3&pid=1.7',603),(2959,'https://th.bing.com/th/id/OIP.v2IB0bmR2UssVUY2pxSHRwHaEK?w=278&h=180&c=7&r=0&o=5&dpr=1.3&pid=1.7',603),(2960,'https://th.bing.com/th/id/OIP.rX7ZKMsJm7ZoBPcjzUY-EwHaEK?w=89&h=90&c=1&rs=1&qlt=90&r=0&dpr=1.3&pid=InlineBlock',603),(2961,'https://th.bing.com/th/id/OIP.vPb9PLrQT8S23tVLI7OdIAHaEo?w=89&h=89&c=1&rs=1&qlt=90&r=0&dpr=1.3&pid=InlineBlock',603),(2962,'https://th.bing.com/th/id/OIP.FfyQ-cqFpSqi4JOYlBSw-gHaEo?w=89&h=90&c=1&rs=1&qlt=90&r=0&dpr=1.3&pid=InlineBlock',603),(2963,'https://th.bing.com/th/id/OIP.VCB1Pv6Ct0jd0DtGcF6-2AHaE8?w=290&h=193&c=7&r=0&o=5&dpr=1.3&pid=1.7',604),(2964,'https://th.bing.com/th/id/OIP.lEKVXQBQI71POer53L4adgHaE8?w=63&h=63&c=1&rs=1&qlt=90&r=0&dpr=1.3&pid=InlineBlock',604),(2965,'https://th.bing.com/th/id/OIP.9UwN-bEb_1IDixnR-Ux6rwHaE8?w=63&h=63&c=1&rs=1&qlt=90&r=0&dpr=1.3&pid=InlineBlock',604),(2966,'https://th.bing.com/th/id/OIP.Gsvo1ZmhNmMyYO2EywqXwQAAAA?w=63&h=65&c=1&rs=1&qlt=90&r=0&dpr=1.3&pid=InlineBlock',604),(2967,'https://th.bing.com/th/id/OIP.uaqKWhyM3V6DRZA6tAh3CQHaEo?w=310&h=193&c=7&r=0&o=5&dpr=1.3&pid=1.7',604),(2968,'https://th.bing.com/th/id/OIP.yiLBsSuBJ9tjtcjznHt1KAHaFj?w=257&h=193&c=7&r=0&o=5&dpr=1.3&pid=1.7',604),(2969,'https://th.bing.com/th/id/OIP.lFWBJE25Q9VcFovfxVD4_AHaHa?w=169&h=180&c=7&r=0&o=5&dpr=1.5&pid=1.7',610),(2970,'https://th.bing.com/th/id/OIP.FF6muYF-tY3bYKvFRjtcyQHaEK?w=267&h=180&c=7&r=0&o=5&dpr=1.5&pid=1.7',610),(2971,'https://th.bing.com/th/id/OIP.NXuzMwZcgJ_0iy0CP-rxFwHaEK?w=267&h=180&c=7&r=0&o=5&dpr=1.5&pid=1.7',610),(2972,'https://th.bing.com/th/id/OIP.pAJYsQ4dR1XrBytVFQyDFAAAAA?w=194&h=180&c=7&r=0&o=5&dpr=1.5&pid=1.7',610),(2973,'https://th.bing.com/th/id/OIP.8DLDcfpBXjX3_kcwr86PagHaHa?w=135&h=180&c=7&r=0&o=5&dpr=1.5&pid=1.7',610),(2974,'https://th.bing.com/th/id/OIP.Q153BCQw691IrS6p3jOTQAHaHa?w=140&h=180&c=7&r=0&o=5&dpr=1.5&pid=1.7',610),(2975,'https://th.bing.com/th/id/OIP.lTqhs13vA39ms3z-pM4sxQHaEK?w=274&h=180&c=7&r=0&o=5&dpr=1.5&pid=1.7',611),(2976,'https://th.bing.com/th/id/OIP.W3ljnd07dtWE8E7s-h3nNAHaE9?w=257&h=180&c=7&r=0&o=5&dpr=1.5&pid=1.7',611),(2977,'https://th.bing.com/th/id/OIP.NaepzxaiZfMb1VkvVwjJqgHaHa?w=172&h=180&c=7&r=0&o=5&dpr=1.5&pid=1.7',611),(2978,'https://th.bing.com/th/id/OIP.ncOWgywMCnc7lGQZfUjMSAHaFB?w=254&h=180&c=7&r=0&o=5&dpr=1.5&pid=1.7',611),(2979,'https://th.bing.com/th/id/OIP.sCq8yHB8JaG_EaRyKbtMCwHaEK?w=326&h=183&c=7&r=0&o=5&dpr=1.5&pid=1.7',611),(2980,'https://th.bing.com/th/id/OIP.lqdoeeinrQg5my0o33WkYgHaE5?w=277&h=183&c=7&r=0&o=5&dpr=1.5&pid=1.7',611),(2981,'https://th.bing.com/th/id/OIP.Ok7BySbA0i_Azywlyh5FUAHaGk?w=199&h=180&c=7&r=0&o=5&dpr=1.5&pid=1.7',612),(2982,'https://th.bing.com/th/id/OIP.1ErsOKs7JAliR_zAvYjFzQHaEK?w=283&h=180&c=7&r=0&o=5&dpr=1.5&pid=1.7',612),(2983,'https://th.bing.com/th/id/OIP.icdvSqXWD1ioi32bP1nAEwHaEK?w=283&h=180&c=7&r=0&o=5&dpr=1.5&pid=1.7',612),(2984,'https://th.bing.com/th/id/OIP.6xa9rLWdqaub7tBwrXYTUAHaE5?w=326&h=180&c=7&r=0&o=5&dpr=1.5&pid=1.7',612),(2985,'https://th.bing.com/th/id/OIP.RLR2Wl_JTyle8yD7pN1F3gHaE7?w=325&h=180&c=7&r=0&o=5&dpr=1.5&pid=1.7',612),(2986,'https://th.bing.com/th/id/OIP.JOr4j0gsf8RA2SYPEBLxfQHaHa?w=164&h=180&c=7&r=0&o=5&dpr=1.5&pid=1.7',612),(2987,'https://th.bing.com/th/id/OIP.KbrT2F1y-cSObzRQ_jvd9QHaHa?w=165&h=180&c=7&r=0&o=5&dpr=1.5&pid=1.7',613),(2988,'https://th.bing.com/th/id/OIP.54efJhHTXg55X3xCV8FkAQHaGl?w=150&h=180&c=7&r=0&o=5&dpr=1.5&pid=1.7',613),(2989,'https://th.bing.com/th/id/OIP.CfP_hFTHjzG-GaBJ95RfFgHaEK?w=329&h=185&c=7&r=0&o=5&dpr=1.5&pid=1.7',613),(2990,'https://th.bing.com/th/id/OIP.1YxqqXh6cxHsLMwihT0IxwAAAA?w=335&h=174&c=7&r=0&o=5&dpr=1.5&pid=1.7',613),(2991,'https://th.bing.com/th/id/OIP.YVvtSH1BgKl5FpYpN5GI3AHaEv?w=251&h=180&c=7&r=0&o=5&dpr=1.5&pid=1.7',613),(2992,'https://th.bing.com/th/id/OIP.fd-27p7xFH-ot2hC-o7wZAHaEK?w=323&h=182&c=7&r=0&o=5&dpr=1.5&pid=1.7',613),(2993,'https://th.bing.com/th/id/OIP.oNyUXgJVG6-IXKxekn6I1gHaEK?w=323&h=182&c=7&r=0&o=5&dpr=1.5&pid=1.7',614),(2994,'https://th.bing.com/th/id/OIP.6gmdGlL9Hj0qSwlqFlSoNQHaHa?w=182&h=182&c=7&r=0&o=5&dpr=1.5&pid=1.7',614),(2995,'https://th.bing.com/th/id/OIP.tnQZF0aqpo0jppzoTQYamAHaHa?w=181&h=182&c=7&r=0&o=5&dpr=1.5&pid=1.7',614),(2996,'https://th.bing.com/th/id/OIP.nTB5OkLzHMDyDhgIXBHQ0gHaEO?w=266&h=180&c=7&r=0&o=5&dpr=1.5&pid=1.7',614),(2997,'https://th.bing.com/th/id/OIP.jIss04ZnjQlK6xnemsXawAHaDt?w=300&h=174&c=7&r=0&o=5&dpr=1.5&pid=1.7',614),(2998,'https://th.bing.com/th/id/OIP.wLF7O14C7Vd8ogAzOHGkCAHaEK?w=291&h=180&c=7&r=0&o=5&dpr=1.5&pid=1.7',614),(2999,'https://th.bing.com/th/id/OIP.Vms8zL9iuR4My_q-Y92AbgHaFj?w=248&h=186&c=7&r=0&o=5&dpr=1.5&pid=1.7',620),(3000,'https://th.bing.com/th/id/OIP.M6T81RXKetYvQ433cTe6GgHaE8?w=279&h=186&c=7&r=0&o=5&dpr=1.5&pid=1.7',620),(3001,'https://th.bing.com/th/id/OIP.oY4o6Dsi0KcVaIWNPRsZBAHaEK?w=394&h=186&c=7&r=0&o=5&dpr=1.5&pid=1.7',620),(3002,'https://th.bing.com/th/id/OIP.oY4o6Dsi0KcVaIWNPRsZBAHaEK?w=394&h=186&c=7&r=0&o=5&dpr=1.5&pid=1.7',620),(3003,'https://th.bing.com/th/id/OIP.aGqQFOovrHak35gplX4-iwHaEK?w=331&h=186&c=7&r=0&o=5&dpr=1.5&pid=1.7',620),(3004,'https://th.bing.com/th/id/OIP.hPEPu99qjAp8YFKbGbYtGgHaF7?w=225&h=180&c=7&r=0&o=5&dpr=1.5&pid=1.7',620),(3005,'https://th.bing.com/th/id/OIP.zD-UUetapUh30Whx_MZLUQHaEK?w=334&h=187&c=7&r=0&o=5&dpr=1.5&pid=1.7',621),(3006,'https://th.bing.com/th/id/OIP.UVh0NAYJFVeAMkwQZkggJwHaHa?w=188&h=187&c=7&r=0&o=5&dpr=1.5&pid=1.7',621),(3007,'https://th.bing.com/th/id/OIP.SvWqMUNLJkrcGBn2LhQvkQHaGk?w=212&h=187&c=7&r=0&o=5&dpr=1.5&pid=1.7',621),(3008,'https://th.bing.com/th/id/OIP.SvWqMUNLJkrcGBn2LhQvkQHaGk?w=212&h=187&c=7&r=0&o=5&dpr=1.5&pid=1.7',621),(3009,'https://th.bing.com/th/id/OIP.Kj5YLtF-eDhFxV6oC1mQigHaEx?w=292&h=187&c=7&r=0&o=5&dpr=1.5&pid=1.7',621),(3010,'https://th.bing.com/th/id/OIP.P8O7X7DknMf406CsQH8nWgHaHa?w=188&h=187&c=7&r=0&o=5&dpr=1.5&pid=1.7',621),(3011,'https://th.bing.com/th/id/OIP.oPvRfuPITIcuueccaD4khAHaFj?w=204&h=180&c=7&r=0&o=5&dpr=1.5&pid=1.7',622),(3012,'https://th.bing.com/th/id/OIP._-In3Hh3wyHLh_7PcnVhEgHaE8?w=265&h=180&c=7&r=0&o=5&dpr=1.5&pid=1.7',622),(3013,'https://th.bing.com/th/id/OIP.5-ZBnSr9bTmg1yRTzOgxCQHaFH?w=224&h=180&c=7&r=0&o=5&dpr=1.5&pid=1.7',622),(3014,'https://th.bing.com/th/id/OIP.y0qHa_axqrTSI4Q4pqnhQAHaFj?w=235&h=180&c=7&r=0&o=5&dpr=1.5&pid=1.7',622),(3015,'https://th.bing.com/th/id/OIP.Lvchn8YJiIf5-FulFovgfwHaE9?w=264&h=180&c=7&r=0&o=5&dpr=1.5&pid=1.7',622),(3016,'https://th.bing.com/th/id/OIP.n921mHJv8wCWTlyxOKbz7gHaEx?w=275&h=180&c=7&r=0&o=5&dpr=1.5&pid=1.7',622),(3017,'https://th.bing.com/th/id/OIP.Y0PjltWNRGFtDwX0rMJJ-gHaFj?w=201&h=180&c=7&r=0&o=5&dpr=1.5&pid=1.7',623),(3018,'https://th.bing.com/th/id/OIP.X5gTbVTH-TzjBCXE-bC9ZwHaEK?w=269&h=180&c=7&r=0&o=5&dpr=1.5&pid=1.7',623),(3019,'https://th.bing.com/th/id/OIP.YXR7sZL4SAv_eCVvt6aEWQHaFv?w=196&h=180&c=7&r=0&o=5&dpr=1.5&pid=1.7',623),(3020,'https://th.bing.com/th/id/OIP.agJH5EnFSVL4jY7kZjEKMQHaHa?w=151&h=180&c=7&r=0&o=5&dpr=1.5&pid=1.7',623),(3021,'https://th.bing.com/th/id/OIP._WwucaPKPSJ5-SwdnefgBwHaG7?w=162&h=180&c=7&r=0&o=5&dpr=1.5&pid=1.7',623),(3022,'https://th.bing.com/th/id/OIP.znXO_jAQxf8vjZb49VwHygHaHa?w=111&h=180&c=7&r=0&o=5&dpr=1.5&pid=1.7',623),(3023,'https://th.bing.com/th/id/OIP.neEg820d8vtc4Jri7weeSAHaEK?w=299&h=180&c=7&r=0&o=5&dpr=1.5&pid=1.7',624),(3024,'https://th.bing.com/th/id/OIP.hcchhFmWg9fFT19wwX3WQwHaFj?w=224&h=180&c=7&r=0&o=5&dpr=1.5&pid=1.7',624),(3025,'https://th.bing.com/th/id/OIP.1OJjMcWIBHyXQv6pR_J-WwHaEb?w=280&h=180&c=7&r=0&o=5&dpr=1.5&pid=1.7',624),(3026,'https://th.bing.com/th/id/OIP.4C1OAJWqzB667-7I2rja3AHaE8?w=218&h=180&c=7&r=0&o=5&dpr=1.5&pid=1.7',624),(3027,'https://th.bing.com/th/id/OIP.fsmFlCzBSuq0v7U0g2uqhwHaDt?w=325&h=174&c=7&r=0&o=5&dpr=1.5&pid=1.7',624),(3028,'https://th.bing.com/th/id/OIP.s9nddSkSJxvnV9nlrdA4DwHaE8?w=272&h=181&c=7&r=0&o=5&dpr=1.5&pid=1.7',624),(3029,'https://th.bing.com/th/id/OIP.o9OPFBeUxw2tVJAo7BNiVgHaHa?w=186&h=186&c=7&r=0&o=5&dpr=1.5&pid=1.7',630),(3030,'https://th.bing.com/th/id/OIP.K2V8Vz-O9YJvE7aFeLoOuwHaHa?w=186&h=186&c=7&r=0&o=5&dpr=1.5&pid=1.7',630),(3031,'https://th.bing.com/th/id/OIP.B4ZpRhAkszS_lq1SDFfA9gHaHa?w=186&h=186&c=7&r=0&o=5&dpr=1.5&pid=1.7',630),(3032,'https://th.bing.com/th/id/OIP.clk_oYSJ1766dzV54aoR9QHaHa?w=185&h=186&c=7&r=0&o=5&dpr=1.5&pid=1.7',630),(3033,'https://th.bing.com/th/id/OIP.KadDtn9J5hYoci1gz-N8QQHaE8?w=278&h=186&c=7&r=0&o=5&dpr=1.5&pid=1.7',630),(3034,'https://th.bing.com/th/id/OIP.FPich6giwFy5CxrJZIOWyQHaHa?w=185&h=186&c=7&r=0&o=5&dpr=1.5&pid=1.7',630),(3035,'https://th.bing.com/th/id/OIP.L0ljSYevUa1znazEpoHDMgHaE8?w=219&h=180&c=7&r=0&o=5&dpr=1.5&pid=1.7',631),(3036,'https://th.bing.com/th/id/OIP.oZhAgHANB68gzjdV0-MYAgHaHa?w=169&h=180&c=7&r=0&o=5&dpr=1.5&pid=1.7',631),(3037,'https://th.bing.com/th/id/OIP.GL2YrmNA0yd_8n8CGMqTdgHaEo?w=271&h=180&c=7&r=0&o=5&dpr=1.5&pid=1.7',631),(3038,'https://th.bing.com/th/id/OIP.SDPSNNGWcje3D2AqelhNtAHaEL?w=300&h=180&c=7&r=0&o=5&dpr=1.5&pid=1.7',631),(3039,'https://th.bing.com/th/id/OIP.4mNQDEQHDNUd6pU9AjnLCgHaHa?w=169&h=180&c=7&r=0&o=5&dpr=1.5&pid=1.7',631),(3040,'https://th.bing.com/th/id/OIP.1r_gXsLBkSz57KT2Jnv9JgHaHa?w=135&h=180&c=7&r=0&o=5&dpr=1.5&pid=1.7',631),(3041,'https://th.bing.com/th/id/OIP.gKNAxPsqgVusH_cU7uQWagHaEr?w=311&h=196&c=7&r=0&o=5&dpr=1.5&pid=1.7',632),(3042,'https://th.bing.com/th/id/OIP.mt3eyCErYKjezpUItVnVaQHaME?w=120&h=196&c=7&r=0&o=5&dpr=1.5&pid=1.7',632),(3043,'https://th.bing.com/th/id/OIP.kLZ0Hby0ANgx80F1fQ-6bQHaE8?w=294&h=196&c=7&r=0&o=5&dpr=1.5&pid=1.7',632),(3044,'https://th.bing.com/th/id/OIP.srSKrHJFkL4lUNMTrE2FtQHaE8?w=294&h=196&c=7&r=0&o=5&dpr=1.5&pid=1.7',632),(3045,'https://th.bing.com/th/id/OIP.hTuxfoyUK1VAlpao2SMaYAHaKN?w=141&h=196&c=7&r=0&o=5&dpr=1.5&pid=1.7',632),(3046,'https://th.bing.com/th/id/OIP.RzWR3G8QrIoTmn8Snj4HVAHaE8?w=293&h=196&c=7&r=0&o=5&dpr=1.5&pid=1.7',632),(3047,'https://th.bing.com/th/id/OIP.GaEWtBgLG3MNdGjqxAWnUQHaHa?w=152&h=180&c=7&r=0&o=5&dpr=1.5&pid=1.7',633),(3048,'https://th.bing.com/th/id/OIP.sF-YeGuAD4c2LKUWMcIovwHaHa?w=152&h=180&c=7&r=0&o=5&dpr=1.5&pid=1.7',633),(3049,'https://th.bing.com/th/id/OIP.2WKEKkoYSVYATYaIgPrfAgHaHa?w=152&h=180&c=7&r=0&o=5&dpr=1.5&pid=1.7',633),(3050,'https://th.bing.com/th/id/OIP.rFUmP3v3NI0XhTKY7uHJBgHaHa?w=182&h=182&c=7&r=0&o=5&dpr=1.5&pid=1.7',633),(3051,'https://th.bing.com/th/id/OIP._dM2JFgc83vyzmBEyS4aLwHaEK?w=324&h=182&c=7&r=0&o=5&dpr=1.5&pid=1.7',633),(3052,'https://th.bing.com/th/id/OIP.L5mLPdNiYadNKlo-7nU05AHaEK?w=230&h=180&c=7&r=0&o=5&dpr=1.5&pid=1.7',633),(3053,'https://th.bing.com/th/id/OIP.g2ZUDicjF3qMRlCBhC8W0QHaGp?w=159&h=180&c=7&r=0&o=5&dpr=1.5&pid=1.7',634),(3054,'https://th.bing.com/th/id/OIP.StKJmYdKNCmOkhXJC29mBAHaHa?w=172&h=180&c=7&r=0&o=5&dpr=1.5&pid=1.7',634),(3055,'https://th.bing.com/th/id/OIP.nPfmBzl1UZEsWNQVBXEIjgHaLG?w=115&h=180&c=7&r=0&o=5&dpr=1.5&pid=1.7',634),(3056,'https://th.bing.com/th/id/OIP.3kXQ2xh_vL9XZH7F2CJO5wHaHa?w=172&h=180&c=7&r=0&o=5&dpr=1.5&pid=1.7',634),(3057,'https://th.bing.com/th/id/OIP._aLy9cwNDtnvsnslYiiWcQHaEK?w=305&h=180&c=7&r=0&o=5&dpr=1.5&pid=1.7',634),(3058,'https://th.bing.com/th/id/OIP.GCEGGhJCvm8b2sUn8yokyAHaGk?w=199&h=180&c=7&r=0&o=5&dpr=1.5&pid=1.7',634),(3059,'https://th.bing.com/th/id/OIP.IdLeRJZjIivqOYw3nWbH2QHaEK?w=318&h=180&c=7&r=0&o=5&dpr=1.3&pid=1.7',640),(3060,'https://th.bing.com/th/id/OIP.1t7p-va2aq2eTNsRX1lgBgHaHa?w=179&h=180&c=7&r=0&o=5&dpr=1.3&pid=1.7',640),(3061,'https://th.bin\n\ng.com/th/id/OIP.K-PZFTP6bDXag8uvOqr28wHaHa?w=179&h=180&c=7&r=0&o=5&dpr=1.3&pid=1.7',640),(3062,'https://th.bing.com/th/id/OIP.sX1CgnYUDzBUpHrbvXkXiAHaEK?w=287&h=180&c=7&r=0&o=5&dpr=1.3&pid=1.7',640),(3063,'https://th.bing.com/th/id/OIP.ccQ15KNezIftCjDFWCIGnwHaEK?w=89&h=89&c=1&rs=1&qlt=90&r=0&dpr=1.3&pid=InlineBlock',640),(3064,'https://th.bing.com/th/id/OIP.MP5b55x7L8y9QtBMDGuyIQHaEK?w=89&h=90&c=1&rs=1&qlt=90&r=0&dpr=1.3&pid=InlineBlock',640),(3065,'https://th.bing.com/th/id/OIP.livW_KGMBrVu6waIeM_3DgHaE6?w=257&h=180&c=7&r=0&o=5&dpr=1.3&pid=1.7',641),(3066,'https://th.bing.com/th/id/OIP.2HQdgJTBeegOQuwzwU3hrQHaGJ?w=206&h=180&c=7&r=0&o=5&dpr=1.3&pid=1.7',641),(3067,'https://th.bing.com/th/id/OIP.wpjuFo5A5uv-1ol84aqY2gHaEK?w=270&h=180&c=7&r=0&o=5&dpr=1.3&pid=1.7',641),(3068,'https://th.bing.com/th/id/OIP.8S2Jfu75LVkyBIg66uwXNwHaEN?w=89&h=89&c=1&rs=1&qlt=90&r=0&dpr=1.3&pid=InlineBlock',641),(3069,'https://th.bing.com/th/id/OIP.1Cq8BaRdVWTGE9SJ1ARU3QHaEK?w=89&h=90&c=1&rs=1&qlt=90&r=0&dpr=1.3&pid=InlineBlock',641),(3070,'https://th.bing.com/th/id/OIP.QuhL7rx9FF37buxSuvcyPAHaFj?w=227&h=180&c=7&r=0&o=5&dpr=1.3&pid=1.7',641),(3071,'https://th.bing.com/th/id/OIP.usjvrQQj-zVf8jEvMklPVAHaE7?w=274&h=182&c=7&r=0&o=5&dpr=1.3&pid=1.7',642),(3072,'https://th.bing.com/th/id/OIP.pSDO-LacwUCJcAXd_r9ibAHaE7?w=274&h=182&c=7&r=0&o=5&dpr=1.3&pid=1.7',642),(3073,'https://th.bing.com/th/id/OIP.t1lGBqp3TC32D_fI2CwtbgHaHa?w=182&h=182&c=7&r=0&o=5&dpr=1.3&pid=1.7',642),(3074,'https://th.bing.com/th/id/OIP.ERgXLAcutYtWyaSDyLO-OwHaGe?w=210&h=182&c=7&r=0&o=5&dpr=1.3&pid=1.7',642),(3075,'https://th.bing.com/th/id/OIP.ih06jv4hB3qdSDCllzcUmAHaEu?w=287&h=182&c=7&r=0&o=5&dpr=1.3&pid=1.7',642),(3076,'https://th.bing.com/th/id/OIP.ih06jv4hB3qdSDCllzcUmAHaEu?w=287&h=182&c=7&r=0&o=5&dpr=1.3&pid=1.7',642),(3077,'https://th.bing.com/th/id/OIP.7Dteuqpzzzwv6KATjvTC0wHaEK?w=291&h=181&c=7&r=0&o=5&dpr=1.3&pid=1.7',643),(3078,'https://th.bing.com/th/id/OIP.owrAkJKg9GvRp7QCxqbF6wHaFk?w=90&h=90&c=1&rs=1&qlt=90&r=0&dpr=1.3&pid=InlineBlock',643),(3079,'https://th.bing.com/th/id/OIP.c4UkkpEvHTaUUAOVtX2SkgHaFk?w=90&h=90&c=1&rs=1&qlt=90&r=0&dpr=1.3&pid=InlineBlock',643),(3080,'https://th.bing.com/th/id/OIP.gUVOv9HoHwCp7mDloSH5vAHaHa?w=181&h=181&c=7&r=0&o=5&dpr=1.3&pid=1.7',643),(3081,'https://th.bing.com/th/id/OIP.3vxXIsS-qbczpQ5JDh1l4AHaHa?w=181&h=181&c=7&r=0&o=5&dpr=1.3&pid=1.7',643),(3082,'https://th.bing.com/th/id/OIP.yXI40qqe9ZaBtP1m_w8PjAHaHa?w=181&h=181&c=7&r=0&o=5&dpr=1.3&pid=1.7',643),(3083,'https://th.bing.com/th/id/OIP.175tFw9ccKDkfZgI7pfk6gHaHN?w=153&h=180&c=7&r=0&o=5&dpr=1.3&pid=1.7',644),(3084,'https://th.bing.com/th/id/OIP._ri7XHSKUcylpxPLgmkEpQHaFj?w=207&h=180&c=7&r=0&o=5&dpr=1.3&pid=1.7',644),(3085,'https://th.bing.com/th/id/OIP.KbXocrQRm1SWYpzksPM2eQHaFI?w=89&h=89&c=1&rs=1&qlt=90&r=0&dpr=1.3&pid=InlineBlock',644),(3086,'https://th.bing.com/th/id/OIP.36PLmak1IBB8t4xkzP1zRQHaE7?w=89&h=90&c=1&rs=1&qlt=90&r=0&dpr=1.3&pid=InlineBlock',644),(3087,'https://th.bing.com/th/id/OIP.nRaRUqARPZ3zI5e_CF_qtQHaII?w=163&h=180&c=7&r=0&o=5&dpr=1.3&pid=1.7',644),(3088,'https://th.bing.com/th/id/OIP.zj_GW1EHafW7d1n_e3OSFgHaHa?w=178&h=180&c=7&r=0&o=5&dpr=1.3&pid=1.7',644),(3161,'https://th.bing.com/th/id/OIP.VUzZ0anLePX89GgVSj_yBgHaHa?w=201&h=201&c=7&r=0&o=5&dpr=1.5&pid=1.7',650),(3162,'https://th.bing.com/th/id/OIP.rgfQ98xR3W4G3ehq93aPVQHaFk?w=268&h=201&c=7&r=0&o=5&dpr=1.5&pid=1.7',650),(3163,'https://th.bing.com/th/id/OIP.QhQOMVnDGxOOnSi0H60t9gHaHa?w=201&h=201&c=7&r=0&o=5&dpr=1.5&pid=1.7',650),(3164,'https://th.bing.com/th/id/OIP.4DvgHo_wel2Bu5KHbbQ9bAHaGC?w=233&h=189&c=7&r=0&o=5&dpr=1.5&pid=1.7',650),(3165,'https://th.bing.com/th/id/OIP.GSTUJz_WgWfTPEsmcxPmpQHaGT?w=180&h=180&c=7&r=0&o=5&dpr=1.5&pid=1.7',650),(3166,'https://th.bing.com/th/id/OIP.rxybmToekJXoIYUadA2UGgHaEK?w=389&h=184&c=7&r=0&o=5&dpr=1.5&pid=1.7',650),(3167,'https://th.bing.com/th/id/OIP.oNyUXgJVG6-IXKxekn6I1gHaEK?w=323&h=182&c=7&r=0&o=5&dpr=1.5&pid=1.7',651),(3168,'https://th.bing.com/th/id/OIP.6gmdGlL9Hj0qSwlqFlSoNQHaHa?w=182&h=182&c=7&r=0&o=5&dpr=1.5&pid=1.7',651),(3169,'https://th.bing.com/th/id/OIP.tnQZF0aqpo0jppzoTQYamAHaHa?w=181&h=182&c=7&r=0&o=5&dpr=1.5&pid=1.7',651),(3170,'https://th.bing.com/th/id/OIP.RvHi___nalUeVq091kLC0gHaEK?w=384&h=182&c=7&r=0&o=5&dpr=1.5&pid=1.7',651),(3171,'https://th.bing.com/th/id/OIP.K90jn5ymN2EVH4GguyDOAAHaFj?w=243&h=182&c=7&r=0&o=5&dpr=1.5&pid=1.7',651),(3172,'https://th.bing.com/th/id/OIP.cRfDXNOd5Yn4P-WF8edPhQHaG4?w=192&h=180&c=7&r=0&o=5&dpr=1.5&pid=1.7',651),(3173,'https://th.bing.com/th/id/OIP.1r2LzeYUu1y3rDdbF-97FwHaHk?w=212&h=216&c=7&r=0&o=5&dpr=1.5&pid=1.7',652),(3174,'https://th.bing.com/th/id/OIP._amAjoUqy9IYfdjFH6PjDAAAAA?w=209&h=216&c=7&r=0&o=5&dpr=1.5&pid=1.7',652),(3175,'https://th.bing.com/th/id/OIP.Zsw0KQNHgvJTMiQ2N4M6CwHaHV?w=218&h=216&c=7&r=0&o=5&dpr=1.5&pid=1.7',652),(3176,'https://th.bing.com/th/id/OIP.Ii5j5N65WUf27XpbthbPHQHaHj?w=211&h=216&c=7&r=0&o=5&dpr=1.5&pid=1.7',652),(3177,'https://th.bing.com/th/id/OIP.ZnoT819dc9qO-NRtz_Ve-gHaHa?w=215&h=216&c=7&r=0&o=5&dpr=1.5&pid=1.7',652),(3178,'https://th.bing.com/th/id/OIP.ZnoT819dc9qO-NRtz_Ve-gHaHa?w=215&h=216&c=7&r=0&o=5&dpr=1.5&pid=1.7',652),(3179,'https://th.bing.com/th/id/OIP.KzaFLKNV_x0Tu0N_ylnTSgHaHa?w=209&h=209&c=7&r=0&o=5&dpr=1.5&pid=1.7',653),(3180,'https://th.bing.com/th/id/OIP.0YmQpjuLqFkdRwSF23h6OAHaHa?w=209&h=209&c=7&r=0&o=5&dpr=1.5&pid=1.7',653),(3181,'https://th.bing.com/th/id/OIP.yk7isQIvqIa31zXPmMgO3wHaHa?w=209&h=209&c=7&r=0&o=5&dpr=1.5&pid=1.7',653),(3182,'https://th.bing.com/th/id/OIP.yk7isQIvqIa31zXPmMgO3wHaHa?w=209&h=209&c=7&r=0&o=5&dpr=1.5&pid=1.7',653),(3183,'https://th.bing.com/th/id/OIP.Z6nMGM9lAqLPvhiytaJAJgHaHa?w=209&h=209&c=7&r=0&o=5&dpr=1.5&pid=1.7',653),(3184,'https://th.bing.com/th/id/OIP.2nper0xsa8y8DN_SAo4THwHaHa?w=208&h=209&c=7&r=0&o=5&dpr=1.5&pid=1.7',653),(3185,'https://th.bing.com/th/id/OIP.ilecod2vDuSGbJhHmE36iAHaHa?w=166&h=180&c=7&r=0&o=5&dpr=1.5&pid=1.7',654),(3186,'https://th.bing.com/th/id/OIP.r1P6__4j4obYm7lt3VzIUQAAAA?w=166&h=180&c=7&r=0&o=5&dpr=1.5&pid=1.7',654),(3187,'https://th.bing.com/th/id/OIP.g5Vps95jjKOifu2JJoGyUgHaE0?w=220&h=180&c=7&r=0&o=5&dpr=1.5&pid=1.7',654),(3188,'https://th.bing.com/th/id/OIP.AxQ8G-lpVpcQ0G5MymhlkwHaEK?w=294&h=180&c=7&r=0&o=5&dpr=1.5&pid=1.7',654),(3189,'https://th.bing.com/th/id/OIP.AxQ8G-lpVpcQ0G5MymhlkwHaEK?w=294&h=180&c=7&r=0&o=5&dpr=1.5&pid=1.7',654),(3190,'https://th.bing.com/th/id/OIP.nKJWY5FWZPBT6F4jKvLvDAHaGy?w=196&h=180&c=7&r=0&o=5&dpr=1.5&pid=1.7',654),(3191,'https://th.bing.com/th/id/OIP.W-5-mhaoHLIbAHcb6ZdmFwHaJ1?w=115&h=180&c=7&r=0&o=5&dpr=1.3&pid=1.7',575),(3192,'https://th.bing.com/th/id/OIP.u0FeT3dVOauF1lbHaFJikQHaHa?w=160&h=180&c=7&r=0&o=5&dpr=1.3&pid=1.7',576),(3193,'https://th.bing.com/th/id/OIP.VzdYfiUwsF4x_zvL1Cy7SgHaJ3?w=127&h=180&c=7&r=0&o=5&dpr=1.3&pid=1.7',577),(3194,'https://th.bing.com/th/id/OIP.m1hddUuuin4ZkvcpQn0LNgHaE8?w=279&h=186&c=7&r=0&o=5&dpr=1.3&pid=1.7',578),(3195,'https://th.bing.com/th/id/OIP.5afetT2PBKU5OMB0ZiZNrAHaFU?w=230&h=180&c=7&r=0&o=5&dpr=1.3&pid=1.7',579),(3196,'https://th.bing.com/th/id/OIP.W-5-mhaoHLIbAHcb6ZdmFwHaJ1?w=115&h=180&c=7&r=0&o=5&dpr=1.3&pid=1.7',575),(3197,'https://th.bing.com/th/id/OIP.u0FeT3dVOauF1lbHaFJikQHaHa?w=160&h=180&c=7&r=0&o=5&dpr=1.3&pid=1.7',576),(3198,'https://th.bing.com/th/id/OIP.VzdYfiUwsF4x_zvL1Cy7SgHaJ3?w=127&h=180&c=7&r=0&o=5&dpr=1.3&pid=1.7',577),(3199,'https://th.bing.com/th/id/OIP.m1hddUuuin4ZkvcpQn0LNgHaE8?w=279&h=186&c=7&r=0&o=5&dpr=1.3&pid=1.7',578),(3200,'https://th.bing.com/th/id/OIP.5afetT2PBKU5OMB0ZiZNrAHaFU?w=230&h=180&c=7&r=0&o=5&dpr=1.3&pid=1.7',579),(3201,'https://th.bing.com/th/id/OIP.W-5-mhaoHLIbAHcb6ZdmFwHaJ1?w=115&h=180&c=7&r=0&o=5&dpr=1.3&pid=1.7',575),(3202,'https://th.bing.com/th/id/OIP.u0FeT3dVOauF1lbHaFJikQHaHa?w=160&h=180&c=7&r=0&o=5&dpr=1.3&pid=1.7',576),(3203,'https://th.bing.com/th/id/OIP.VzdYfiUwsF4x_zvL1Cy7SgHaJ3?w=127&h=180&c=7&r=0&o=5&dpr=1.3&pid=1.7',577),(3204,'https://th.bing.com/th/id/OIP.m1hddUuuin4ZkvcpQn0LNgHaE8?w=279&h=186&c=7&r=0&o=5&dpr=1.3&pid=1.7',578),(3205,'https://th.bing.com/th/id/OIP.5afetT2PBKU5OMB0ZiZNrAHaFU?w=230&h=180&c=7&r=0&o=5&dpr=1.3&pid=1.7',579),(3206,'https://th.bing.com/th/id/OIP.W-5-mhaoHLIbAHcb6ZdmFwHaJ1?w=115&h=180&c=7&r=0&o=5&dpr=1.3&pid=1.7',575),(3207,'https://th.bing.com/th/id/OIP.u0FeT3dVOauF1lbHaFJikQHaHa?w=160&h=180&c=7&r=0&o=5&dpr=1.3&pid=1.7',576),(3208,'https://th.bing.com/th/id/OIP.VzdYfiUwsF4x_zvL1Cy7SgHaJ3?w=127&h=180&c=7&r=0&o=5&dpr=1.3&pid=1.7',577),(3209,'https://th.bing.com/th/id/OIP.m1hddUuuin4ZkvcpQn0LNgHaE8?w=279&h=186&c=7&r=0&o=5&dpr=1.3&pid=1.7',578),(3210,'https://th.bing.com/th/id/OIP.5afetT2PBKU5OMB0ZiZNrAHaFU?w=230&h=180&c=7&r=0&o=5&dpr=1.3&pid=1.7',579),(3211,'https://th.bing.com/th/id/OIP.W-5-mhaoHLIbAHcb6ZdmFwHaJ1?w=115&h=180&c=7&r=0&o=5&dpr=1.3&pid=1.7',575),(3212,'https://th.bing.com/th/id/OIP.u0FeT3dVOauF1lbHaFJikQHaHa?w=160&h=180&c=7&r=0&o=5&dpr=1.3&pid=1.7',576),(3213,'https://th.bing.com/th/id/OIP.VzdYfiUwsF4x_zvL1Cy7SgHaJ3?w=127&h=180&c=7&r=0&o=5&dpr=1.3&pid=1.7',577),(3214,'https://th.bing.com/th/id/OIP.m1hddUuuin4ZkvcpQn0LNgHaE8?w=279&h=186&c=7&r=0&o=5&dpr=1.3&pid=1.7',578),(3215,'https://th.bing.com/th/id/OIP.5afetT2PBKU5OMB0ZiZNrAHaFU?w=230&h=180&c=7&r=0&o=5&dpr=1.3&pid=1.7',579),(3216,'https://th.bing.com/th/id/OIP.W-5-mhaoHLIbAHcb6ZdmFwHaJ1?w=115&h=180&c=7&r=0&o=5&dpr=1.3&pid=1.7',575),(3217,'https://th.bing.com/th/id/OIP.u0FeT3dVOauF1lbHaFJikQHaHa?w=160&h=180&c=7&r=0&o=5&dpr=1.3&pid=1.7',576),(3218,'https://th.bing.com/th/id/OIP.VzdYfiUwsF4x_zvL1Cy7SgHaJ3?w=127&h=180&c=7&r=0&o=5&dpr=1.3&pid=1.7',577),(3219,'https://th.bing.com/th/id/OIP.m1hddUuuin4ZkvcpQn0LNgHaE8?w=279&h=186&c=7&r=0&o=5&dpr=1.3&pid=1.7',578),(3220,'https://th.bing.com/th/id/OIP.5afetT2PBKU5OMB0ZiZNrAHaFU?w=230&h=180&c=7&r=0&o=5&dpr=1.3&pid=1.7',579),(3221,'https://th.bing.com/th/id/OIP.jpp-lxuNeQOm4cju293sHwHaHa?w=174&h=180&c=7&r=0&o=5&dpr=1.3&pid=1.7',595),(3222,'https://th.bing.com/th/id/OIP.akBkxMmVQCfe9z3b-9IUeAHaHa?w=119&h=180&c=7&r=0&o=5&dpr=1.3&pid=1.7',596),(3223,'https://th.bing.com/th/id/OIP.vzzn_8YxRbAY0UTT3eNIfAHaE8?w=284&h=189&c=7&r=0&o=5&dpr=1.3&pid=1.7',597),(3224,'https://th.bing.com/th/id/OIP.8aEnFDEuGxMVBS08I_BSVwHaI_?w=126&h=180&c=7&r=0&o=5&dpr=1.3&pid=1.7',598),(3225,'https://th.bing.com/th/id/OIP.vAqeLSwy2NdHWgQl-IPD-wHaHa?w=179&h=180&c=7&r=0&o=5&dpr=1.3&pid=1.7',599),(3226,'https://th.bing.com/th/id/OIP.jpp-lxuNeQOm4cju293sHwHaHa?w=174&h=180&c=7&r=0&o=5&dpr=1.3&pid=1.7',595),(3227,'https://th.bing.com/th/id/OIP.akBkxMmVQCfe9z3b-9IUeAHaHa?w=119&h=180&c=7&r=0&o=5&dpr=1.3&pid=1.7',596),(3228,'https://th.bing.com/th/id/OIP.vzzn_8YxRbAY0UTT3eNIfAHaE8?w=284&h=189&c=7&r=0&o=5&dpr=1.3&pid=1.7',597),(3229,'https://th.bing.com/th/id/OIP.8aEnFDEuGxMVBS08I_BSVwHaI_?w=126&h=180&c=7&r=0&o=5&dpr=1.3&pid=1.7',598),(3230,'https://th.bing.com/th/id/OIP.vAqeLSwy2NdHWgQl-IPD-wHaHa?w=179&h=180&c=7&r=0&o=5&dpr=1.3&pid=1.7',599),(3231,'https://th.bing.com/th/id/OIP.jpp-lxuNeQOm4cju293sHwHaHa?w=174&h=180&c=7&r=0&o=5&dpr=1.3&pid=1.7',595),(3232,'https://th.bing.com/th/id/OIP.akBkxMmVQCfe9z3b-9IUeAHaHa?w=119&h=180&c=7&r=0&o=5&dpr=1.3&pid=1.7',596),(3233,'https://th.bing.com/th/id/OIP.vzzn_8YxRbAY0UTT3eNIfAHaE8?w=284&h=189&c=7&r=0&o=5&dpr=1.3&pid=1.7',597),(3234,'https://th.bing.com/th/id/OIP.8aEnFDEuGxMVBS08I_BSVwHaI_?w=126&h=180&c=7&r=0&o=5&dpr=1.3&pid=1.7',598),(3235,'https://th.bing.com/th/id/OIP.vAqeLSwy2NdHWgQl-IPD-wHaHa?w=179&h=180&c=7&r=0&o=5&dpr=1.3&pid=1.7',599),(3236,'https://th.bing.com/th/id/OIP.jpp-lxuNeQOm4cju293sHwHaHa?w=174&h=180&c=7&r=0&o=5&dpr=1.3&pid=1.7',595),(3237,'https://th.bing.com/th/id/OIP.akBkxMmVQCfe9z3b-9IUeAHaHa?w=119&h=180&c=7&r=0&o=5&dpr=1.3&pid=1.7',596),(3238,'https://th.bing.com/th/id/OIP.vzzn_8YxRbAY0UTT3eNIfAHaE8?w=284&h=189&c=7&r=0&o=5&dpr=1.3&pid=1.7',597),(3239,'https://th.bing.com/th/id/OIP.8aEnFDEuGxMVBS08I_BSVwHaI_?w=126&h=180&c=7&r=0&o=5&dpr=1.3&pid=1.7',598),(3240,'https://th.bing.com/th/id/OIP.vAqeLSwy2NdHWgQl-IPD-wHaHa?w=179&h=180&c=7&r=0&o=5&dpr=1.3&pid=1.7',599),(3241,'https://th.bing.com/th/id/OIP.jpp-lxuNeQOm4cju293sHwHaHa?w=174&h=180&c=7&r=0&o=5&dpr=1.3&pid=1.7',595),(3242,'https://th.bing.com/th/id/OIP.akBkxMmVQCfe9z3b-9IUeAHaHa?w=119&h=180&c=7&r=0&o=5&dpr=1.3&pid=1.7',596),(3243,'https://th.bing.com/th/id/OIP.vzzn_8YxRbAY0UTT3eNIfAHaE8?w=284&h=189&c=7&r=0&o=5&dpr=1.3&pid=1.7',597),(3244,'https://th.bing.com/th/id/OIP.8aEnFDEuGxMVBS08I_BSVwHaI_?w=126&h=180&c=7&r=0&o=5&dpr=1.3&pid=1.7',598),(3245,'https://th.bing.com/th/id/OIP.vAqeLSwy2NdHWgQl-IPD-wHaHa?w=179&h=180&c=7&r=0&o=5&dpr=1.3&pid=1.7',599),(3246,'https://th.bing.com/th/id/OIP.jpp-lxuNeQOm4cju293sHwHaHa?w=174&h=180&c=7&r=0&o=5&dpr=1.3&pid=1.7',595),(3247,'https://th.bing.com/th/id/OIP.akBkxMmVQCfe9z3b-9IUeAHaHa?w=119&h=180&c=7&r=0&o=5&dpr=1.3&pid=1.7',596),(3248,'https://th.bing.com/th/id/OIP.vzzn_8YxRbAY0UTT3eNIfAHaE8?w=284&h=189&c=7&r=0&o=5&dpr=1.3&pid=1.7',597),(3249,'https://th.bing.com/th/id/OIP.8aEnFDEuGxMVBS08I_BSVwHaI_?w=126&h=180&c=7&r=0&o=5&dpr=1.3&pid=1.7',598),(3250,'https://th.bing.com/th/id/OIP.vAqeLSwy2NdHWgQl-IPD-wHaHa?w=179&h=180&c=7&r=0&o=5&dpr=1.3&pid=1.7',599),(3251,'https://th.bing.com/th/id/OIP.QW9vydUpqbl2iWJa5x6UywAAAA?w=300&h=180&c=7&r=0&o=5&dpr=1.3&pid=1.7',605),(3252,'https://th.bing.com/th/id/OIP.W5oytBRz3P9M8Yh10nu9DgHaE8?w=273&h=182&c=7&r=0&o=5&dpr=1.3&pid=1.7',606),(3253,'https://th.bing.com/th/id/OIP.AXkSKCIpvNErKOTF8ErdQgHaEC?w=242&h=180&c=7&r=0&o=5&dpr=1.3&pid=1.7',607),(3254,'https://th.bing.com/th/id/OIP.cZjW7q7C4SCFCNNcI_8E3AHaE7?w=244&h=180&c=7&r=0&o=5&dpr=1.3&pid=1.7',608),(3255,'https://th.bing.com/th/id/OIP.77Xt0LLVnRYSWwtdqNiGWAHaFS?w=218&h=180&c=7&r=0&o=5&dpr=1.3&pid=1.7',609),(3256,'https://th.bing.com/th/id/OIP.QW9vydUpqbl2iWJa5x6UywAAAA?w=300&h=180&c=7&r=0&o=5&dpr=1.3&pid=1.7',605),(3257,'https://th.bing.com/th/id/OIP.W5oytBRz3P9M8Yh10nu9DgHaE8?w=273&h=182&c=7&r=0&o=5&dpr=1.3&pid=1.7',606),(3258,'https://th.bing.com/th/id/OIP.AXkSKCIpvNErKOTF8ErdQgHaEC?w=242&h=180&c=7&r=0&o=5&dpr=1.3&pid=1.7',607),(3259,'https://th.bing.com/th/id/OIP.cZjW7q7C4SCFCNNcI_8E3AHaE7?w=244&h=180&c=7&r=0&o=5&dpr=1.3&pid=1.7',608),(3260,'https://th.bing.com/th/id/OIP.77Xt0LLVnRYSWwtdqNiGWAHaFS?w=218&h=180&c=7&r=0&o=5&dpr=1.3&pid=1.7',609),(3261,'https://th.bing.com/th/id/OIP.QW9vydUpqbl2iWJa5x6UywAAAA?w=300&h=180&c=7&r=0&o=5&dpr=1.3&pid=1.7',605),(3262,'https://th.bing.com/th/id/OIP.W5oytBRz3P9M8Yh10nu9DgHaE8?w=273&h=182&c=7&r=0&o=5&dpr=1.3&pid=1.7',606),(3263,'https://th.bing.com/th/id/OIP.AXkSKCIpvNErKOTF8ErdQgHaEC?w=242&h=180&c=7&r=0&o=5&dpr=1.3&pid=1.7',607),(3264,'https://th.bing.com/th/id/OIP.cZjW7q7C4SCFCNNcI_8E3AHaE7?w=244&h=180&c=7&r=0&o=5&dpr=1.3&pid=1.7',608),(3265,'https://th.bing.com/th/id/OIP.77Xt0LLVnRYSWwtdqNiGWAHaFS?w=218&h=180&c=7&r=0&o=5&dpr=1.3&pid=1.7',609),(3266,'https://th.bing.com/th/id/OIP.QW9vydUpqbl2iWJa5x6UywAAAA?w=300&h=180&c=7&r=0&o=5&dpr=1.3&pid=1.7',605),(3267,'https://th.bing.com/th/id/OIP.W5oytBRz3P9M8Yh10nu9DgHaE8?w=273&h=182&c=7&r=0&o=5&dpr=1.3&pid=1.7',606),(3268,'https://th.bing.com/th/id/OIP.AXkSKCIpvNErKOTF8ErdQgHaEC?w=242&h=180&c=7&r=0&o=5&dpr=1.3&pid=1.7',607),(3269,'https://th.bing.com/th/id/OIP.cZjW7q7C4SCFCNNcI_8E3AHaE7?w=244&h=180&c=7&r=0&o=5&dpr=1.3&pid=1.7',608),(3270,'https://th.bing.com/th/id/OIP.77Xt0LLVnRYSWwtdqNiGWAHaFS?w=218&h=180&c=7&r=0&o=5&dpr=1.3&pid=1.7',609),(3271,'https://th.bing.com/th/id/OIP.QW9vydUpqbl2iWJa5x6UywAAAA?w=300&h=180&c=7&r=0&o=5&dpr=1.3&pid=1.7',605),(3272,'https://th.bing.com/th/id/OIP.W5oytBRz3P9M8Yh10nu9DgHaE8?w=273&h=182&c=7&r=0&o=5&dpr=1.3&pid=1.7',606),(3273,'https://th.bing.com/th/id/OIP.AXkSKCIpvNErKOTF8ErdQgHaEC?w=242&h=180&c=7&r=0&o=5&dpr=1.3&pid=1.7',607),(3274,'https://th.bing.com/th/id/OIP.cZjW7q7C4SCFCNNcI_8E3AHaE7?w=244&h=180&c=7&r=0&o=5&dpr=1.3&pid=1.7',608),(3275,'https://th.bing.com/th/id/OIP.77Xt0LLVnRYSWwtdqNiGWAHaFS?w=218&h=180&c=7&r=0&o=5&dpr=1.3&pid=1.7',609),(3276,'https://th.bing.com/th/id/OIP.QW9vydUpqbl2iWJa5x6UywAAAA?w=300&h=180&c=7&r=0&o=5&dpr=1.3&pid=1.7',605),(3277,'https://th.bing.com/th/id/OIP.W5oytBRz3P9M8Yh10nu9DgHaE8?w=273&h=182&c=7&r=0&o=5&dpr=1.3&pid=1.7',606),(3278,'https://th.bing.com/th/id/OIP.AXkSKCIpvNErKOTF8ErdQgHaEC?w=242&h=180&c=7&r=0&o=5&dpr=1.3&pid=1.7',607),(3279,'https://th.bing.com/th/id/OIP.cZjW7q7C4SCFCNNcI_8E3AHaE7?w=244&h=180&c=7&r=0&o=5&dpr=1.3&pid=1.7',608),(3280,'https://th.bing.com/th/id/OIP.77Xt0LLVnRYSWwtdqNiGWAHaFS?w=218&h=180&c=7&r=0&o=5&dpr=1.3&pid=1.7',609),(3281,'https://th.bing.com/th/id/OIP.9Qrd37PzHHwhpXB1djMbvgHaNE?w=115&h=180&c=7&r=0&o=5&dpr=1.5&pid=1.7',615),(3282,'https://th.bing.com/th/id/OIP.HV_vHRVHPtjMhqlAAJvJcAHaGp?w=208&h=186&c=7&r=0&o=5&dpr=1.5&pid=1.7',616),(3283,'https://th.bing.com/th/id/OIP.5bIkk6UwqAHiAZGFvDRKfAHaEU?w=299&h=180&c=7&r=0&o=5&dpr=1.5&pid=1.7',617),(3284,'https://th.bing.com/th/id/OIP.yR6KmRqXmm6cRU88xozX2wHaHa?w=152&h=180&c=7&r=0&o=5&dpr=1.5&pid=1.7',618),(3285,'https://th.bing.com/th/id/OIP.U5zOFFwhWSR6bkueXr87WgHaEK?w=300&h=180&c=7&r=0&o=5&dpr=1.5&pid=1.7',619),(3286,'https://th.bing.com/th/id/OIP.9Qrd37PzHHwhpXB1djMbvgHaNE?w=115&h=180&c=7&r=0&o=5&dpr=1.5&pid=1.7',615),(3287,'https://th.bing.com/th/id/OIP.HV_vHRVHPtjMhqlAAJvJcAHaGp?w=208&h=186&c=7&r=0&o=5&dpr=1.5&pid=1.7',616),(3288,'https://th.bing.com/th/id/OIP.5bIkk6UwqAHiAZGFvDRKfAHaEU?w=299&h=180&c=7&r=0&o=5&dpr=1.5&pid=1.7',617),(3289,'https://th.bing.com/th/id/OIP.yR6KmRqXmm6cRU88xozX2wHaHa?w=152&h=180&c=7&r=0&o=5&dpr=1.5&pid=1.7',618),(3290,'https://th.bing.com/th/id/OIP.U5zOFFwhWSR6bkueXr87WgHaEK?w=300&h=180&c=7&r=0&o=5&dpr=1.5&pid=1.7',619),(3291,'https://th.bing.com/th/id/OIP.9Qrd37PzHHwhpXB1djMbvgHaNE?w=115&h=180&c=7&r=0&o=5&dpr=1.5&pid=1.7',615),(3292,'https://th.bing.com/th/id/OIP.HV_vHRVHPtjMhqlAAJvJcAHaGp?w=208&h=186&c=7&r=0&o=5&dpr=1.5&pid=1.7',616),(3293,'https://th.bing.com/th/id/OIP.5bIkk6UwqAHiAZGFvDRKfAHaEU?w=299&h=180&c=7&r=0&o=5&dpr=1.5&pid=1.7',617),(3294,'https://th.bing.com/th/id/OIP.yR6KmRqXmm6cRU88xozX2wHaHa?w=152&h=180&c=7&r=0&o=5&dpr=1.5&pid=1.7',618),(3295,'https://th.bing.com/th/id/OIP.U5zOFFwhWSR6bkueXr87WgHaEK?w=300&h=180&c=7&r=0&o=5&dpr=1.5&pid=1.7',619),(3296,'https://th.bing.com/th/id/OIP.9Qrd37PzHHwhpXB1djMbvgHaNE?w=115&h=180&c=7&r=0&o=5&dpr=1.5&pid=1.7',615),(3297,'https://th.bing.com/th/id/OIP.HV_vHRVHPtjMhqlAAJvJcAHaGp?w=208&h=186&c=7&r=0&o=5&dpr=1.5&pid=1.7',616),(3298,'https://th.bing.com/th/id/OIP.5bIkk6UwqAHiAZGFvDRKfAHaEU?w=299&h=180&c=7&r=0&o=5&dpr=1.5&pid=1.7',617),(3299,'https://th.bing.com/th/id/OIP.yR6KmRqXmm6cRU88xozX2wHaHa?w=152&h=180&c=7&r=0&o=5&dpr=1.5&pid=1.7',618),(3300,'https://th.bing.com/th/id/OIP.U5zOFFwhWSR6bkueXr87WgHaEK?w=300&h=180&c=7&r=0&o=5&dpr=1.5&pid=1.7',619),(3301,'https://th.bing.com/th/id/OIP.9Qrd37PzHHwhpXB1djMbvgHaNE?w=115&h=180&c=7&r=0&o=5&dpr=1.5&pid=1.7',615),(3302,'https://th.bing.com/th/id/OIP.HV_vHRVHPtjMhqlAAJvJcAHaGp?w=208&h=186&c=7&r=0&o=5&dpr=1.5&pid=1.7',616),(3303,'https://th.bing.com/th/id/OIP.5bIkk6UwqAHiAZGFvDRKfAHaEU?w=299&h=180&c=7&r=0&o=5&dpr=1.5&pid=1.7',617),(3304,'https://th.bing.com/th/id/OIP.yR6KmRqXmm6cRU88xozX2wHaHa?w=152&h=180&c=7&r=0&o=5&dpr=1.5&pid=1.7',618),(3305,'https://th.bing.com/th/id/OIP.U5zOFFwhWSR6bkueXr87WgHaEK?w=300&h=180&c=7&r=0&o=5&dpr=1.5&pid=1.7',619),(3306,'https://th.bing.com/th/id/OIP.9Qrd37PzHHwhpXB1djMbvgHaNE?w=115&h=180&c=7&r=0&o=5&dpr=1.5&pid=1.7',615),(3307,'https://th.bing.com/th/id/OIP.HV_vHRVHPtjMhqlAAJvJcAHaGp?w=208&h=186&c=7&r=0&o=5&dpr=1.5&pid=1.7',616),(3308,'https://th.bing.com/th/id/OIP.5bIkk6UwqAHiAZGFvDRKfAHaEU?w=299&h=180&c=7&r=0&o=5&dpr=1.5&pid=1.7',617),(3309,'https://th.bing.com/th/id/OIP.yR6KmRqXmm6cRU88xozX2wHaHa?w=152&h=180&c=7&r=0&o=5&dpr=1.5&pid=1.7',618),(3310,'https://th.bing.com/th/id/OIP.U5zOFFwhWSR6bkueXr87WgHaEK?w=300&h=180&c=7&r=0&o=5&dpr=1.5&pid=1.7',619),(3311,'https://th.bing.com/th/id/OIP.v-hc2E6-GKMDrJ2Ril72bQHaHa?w=180&h=180&c=7&r=0&o=5&dpr=1.5&pid=1.7',625),(3312,'https://th.bing.com/th/id/OIP.bOpqVoJQYkyNDEpJvQfwfQHaHa?w=169&h=180&c=7&r=0&o=5&dpr=1.5&pid=1.7',626),(3313,'https://th.bing.com/th/id/OIP.s8mQmBrrBHLEBnqsTuv1_QHaFw?w=190&h=180&c=7&r=0&o=5&dpr=1.5&pid=1.7',627),(3314,'https://th.bing.com/th/id/OIP.nI3ANrXD6MkNkCIK-dmWbwHaFj?w=234&h=180&c=7&r=0&o=5&dpr=1.5&pid=1.7',628),(3315,'https://th.bing.com/th/id/OIP.Tznguz_DQf5BRKlXOdJ58wHaEo?w=284&h=180&c=7&r=0&o=5&dpr=1.5&pid=1.7',629),(3316,'https://th.bing.com/th/id/OIP.v-hc2E6-GKMDrJ2Ril72bQHaHa?w=180&h=180&c=7&r=0&o=5&dpr=1.5&pid=1.7',625),(3317,'https://th.bing.com/th/id/OIP.bOpqVoJQYkyNDEpJvQfwfQHaHa?w=169&h=180&c=7&r=0&o=5&dpr=1.5&pid=1.7',626),(3318,'https://th.bing.com/th/id/OIP.s8mQmBrrBHLEBnqsTuv1_QHaFw?w=190&h=180&c=7&r=0&o=5&dpr=1.5&pid=1.7',627),(3319,'https://th.bing.com/th/id/OIP.nI3ANrXD6MkNkCIK-dmWbwHaFj?w=234&h=180&c=7&r=0&o=5&dpr=1.5&pid=1.7',628),(3320,'https://th.bing.com/th/id/OIP.Tznguz_DQf5BRKlXOdJ58wHaEo?w=284&h=180&c=7&r=0&o=5&dpr=1.5&pid=1.7',629),(3321,'https://th.bing.com/th/id/OIP.v-hc2E6-GKMDrJ2Ril72bQHaHa?w=180&h=180&c=7&r=0&o=5&dpr=1.5&pid=1.7',625),(3322,'https://th.bing.com/th/id/OIP.bOpqVoJQYkyNDEpJvQfwfQHaHa?w=169&h=180&c=7&r=0&o=5&dpr=1.5&pid=1.7',626),(3323,'https://th.bing.com/th/id/OIP.s8mQmBrrBHLEBnqsTuv1_QHaFw?w=190&h=180&c=7&r=0&o=5&dpr=1.5&pid=1.7',627),(3324,'https://th.bing.com/th/id/OIP.nI3ANrXD6MkNkCIK-dmWbwHaFj?w=234&h=180&c=7&r=0&o=5&dpr=1.5&pid=1.7',628),(3325,'https://th.bing.com/th/id/OIP.Tznguz_DQf5BRKlXOdJ58wHaEo?w=284&h=180&c=7&r=0&o=5&dpr=1.5&pid=1.7',629),(3326,'https://th.bing.com/th/id/OIP.v-hc2E6-GKMDrJ2Ril72bQHaHa?w=180&h=180&c=7&r=0&o=5&dpr=1.5&pid=1.7',625),(3327,'https://th.bing.com/th/id/OIP.bOpqVoJQYkyNDEpJvQfwfQHaHa?w=169&h=180&c=7&r=0&o=5&dpr=1.5&pid=1.7',626),(3328,'https://th.bing.com/th/id/OIP.s8mQmBrrBHLEBnqsTuv1_QHaFw?w=190&h=180&c=7&r=0&o=5&dpr=1.5&pid=1.7',627),(3329,'https://th.bing.com/th/id/OIP.nI3ANrXD6MkNkCIK-dmWbwHaFj?w=234&h=180&c=7&r=0&o=5&dpr=1.5&pid=1.7',628),(3330,'https://th.bing.com/th/id/OIP.Tznguz_DQf5BRKlXOdJ58wHaEo?w=284&h=180&c=7&r=0&o=5&dpr=1.5&pid=1.7',629),(3331,'https://th.bing.com/th/id/OIP.v-hc2E6-GKMDrJ2Ril72bQHaHa?w=180&h=180&c=7&r=0&o=5&dpr=1.5&pid=1.7',625),(3332,'https://th.bing.com/th/id/OIP.bOpqVoJQYkyNDEpJvQfwfQHaHa?w=169&h=180&c=7&r=0&o=5&dpr=1.5&pid=1.7',626),(3333,'https://th.bing.com/th/id/OIP.s8mQmBrrBHLEBnqsTuv1_QHaFw?w=190&h=180&c=7&r=0&o=5&dpr=1.5&pid=1.7',627),(3334,'https://th.bing.com/th/id/OIP.nI3ANrXD6MkNkCIK-dmWbwHaFj?w=234&h=180&c=7&r=0&o=5&dpr=1.5&pid=1.7',628),(3335,'https://th.bing.com/th/id/OIP.Tznguz_DQf5BRKlXOdJ58wHaEo?w=284&h=180&c=7&r=0&o=5&dpr=1.5&pid=1.7',629),(3336,'https://th.bing.com/th/id/OIP.v-hc2E6-GKMDrJ2Ril72bQHaHa?w=180&h=180&c=7&r=0&o=5&dpr=1.5&pid=1.7',625),(3337,'https://th.bing.com/th/id/OIP.bOpqVoJQYkyNDEpJvQfwfQHaHa?w=169&h=180&c=7&r=0&o=5&dpr=1.5&pid=1.7',626),(3338,'https://th.bing.com/th/id/OIP.s8mQmBrrBHLEBnqsTuv1_QHaFw?w=190&h=180&c=7&r=0&o=5&dpr=1.5&pid=1.7',627),(3339,'https://th.bing.com/th/id/OIP.nI3ANrXD6MkNkCIK-dmWbwHaFj?w=234&h=180&c=7&r=0&o=5&dpr=1.5&pid=1.7',628),(3340,'https://th.bing.com/th/id/OIP.Tznguz_DQf5BRKlXOdJ58wHaEo?w=284&h=180&c=7&r=0&o=5&dpr=1.5&pid=1.7',629),(3341,'https://th.bing.com/th/id/OIP.HgT7D5aNcJaw_VWBfkaTBwHaFj?w=195&h=180&c=7&r=0&o=5&dpr=1.5&pid=1.7',635),(3342,'https://th.bing.com/th/id/OIP.3RvSoz3zRakcunFpI3U96QHaHa?w=205&h=206&c=7&r=0&o=5&dpr=1.5&pid=1.7',636),(3343,'https://th.bing.com/th/id/OIP.2cGTJosx12DWLL7rvwDfDwHaHa?w=158&h=180&c=7&r=0&o=5&dpr=1.5&pid=1.7',637),(3344,'https://th.bing.com/th/id/OIP.MAF65ih60b13N3LBnsX9ywHaEt?w=289&h=184&c=7&r=0&o=5&dpr=1.5&pid=1.7',638),(3345,'https://th.bing.com/th/id/OIP.IM2jVA7eWxKAabdfrMx77AHaFj?w=286&h=214&c=7&r=0&o=5&dpr=1.5&pid=1.7',639),(3346,'https://th.bing.com/th/id/OIP.Y-P22CgqVRKce959BU88OQHaHa?w=193&h=193&c=7&r=0&o=5&dpr=1.3&pid=1.7',645),(3347,'https://th.bing.com/th/id/OIP.1En18xsUGktIXIm2MkHNvAHaHa?w=159&h=180&c=7&r=0&o=5&dpr=1.3&pid=1.7',646),(3348,'https://th.bing.com/th/id/OIP.zgkOItqyKc1upGP-QeGPTQHaFj?w=210&h=180&c=7&r=0&o=5&dpr=1.3&pid=1.7',647),(3349,'https://th.bing.com/th/id/OIP.nCv6Gh1I11RcJtbBAutiEAHaHk?w=149&h=180&c=7&r=0&o=5&dpr=1.3&pid=1.7',648),(3350,'https://th.bing.com/th/id/OIP.X7D_5wW9jdQbT4S2-1blfgHaFq?w=256&h=195&c=7&r=0&o=5&dpr=1.3&pid=1.7',649),(3351,'https://th.bing.com/th/id/OIP.gEZYYRCcphKpaxXEDZAMhgHaHa?w=199&h=199&c=7&r=0&o=5&dpr=1.5&pid=1.7',655),(3352,'https://th.bing.com/th/id/OIP.aKYbwmxZr-0yAsW8SCUDLAHaDO?w=316&h=152&c=7&r=0&o=5&dpr=1.5&pid=1.7',656),(3353,'https://th.bing.com/th/id/OIP.edcYLSbC_8BF3nnhzW4qjQHaHa?w=192&h=192&c=7&r=0&o=5&dpr=1.5&pid=1.7',657),(3354,'https://th.bing.com/th/id/OIP.vlLGNHQitZC3YbasTf36-AHaJ4?w=122&h=180&c=7&r=0&o=5&dpr=1.5&pid=1.7',658),(3355,'https://th.bing.com/th/id/OIP.HicoFL5wRyps9hNQw9vlWgHaHa?w=168&h=180&c=7&r=0&o=5&dpr=1.5&pid=1.7',659),(3356,'https://th.bing.com/th/id/OIP.HgT7D5aNcJaw_VWBfkaTBwHaFj?w=195&h=180&c=7&r=0&o=5&dpr=1.5&pid=1.7',635),(3357,'https://th.bing.com/th/id/OIP.3RvSoz3zRakcunFpI3U96QHaHa?w=205&h=206&c=7&r=0&o=5&dpr=1.5&pid=1.7',636),(3358,'https://th.bing.com/th/id/OIP.2cGTJosx12DWLL7rvwDfDwHaHa?w=158&h=180&c=7&r=0&o=5&dpr=1.5&pid=1.7',637),(3359,'https://th.bing.com/th/id/OIP.MAF65ih60b13N3LBnsX9ywHaEt?w=289&h=184&c=7&r=0&o=5&dpr=1.5&pid=1.7',638),(3360,'https://th.bing.com/th/id/OIP.IM2jVA7eWxKAabdfrMx77AHaFj?w=286&h=214&c=7&r=0&o=5&dpr=1.5&pid=1.7',639),(3361,'https://th.bing.com/th/id/OIP.Y-P22CgqVRKce959BU88OQHaHa?w=193&h=193&c=7&r=0&o=5&dpr=1.3&pid=1.7',645),(3362,'https://th.bing.com/th/id/OIP.1En18xsUGktIXIm2MkHNvAHaHa?w=159&h=180&c=7&r=0&o=5&dpr=1.3&pid=1.7',646),(3363,'https://th.bing.com/th/id/OIP.zgkOItqyKc1upGP-QeGPTQHaFj?w=210&h=180&c=7&r=0&o=5&dpr=1.3&pid=1.7',647),(3364,'https://th.bing.com/th/id/OIP.nCv6Gh1I11RcJtbBAutiEAHaHk?w=149&h=180&c=7&r=0&o=5&dpr=1.3&pid=1.7',648),(3365,'https://th.bing.com/th/id/OIP.X7D_5wW9jdQbT4S2-1blfgHaFq?w=256&h=195&c=7&r=0&o=5&dpr=1.3&pid=1.7',649),(3366,'https://th.bing.com/th/id/OIP.gEZYYRCcphKpaxXEDZAMhgHaHa?w=199&h=199&c=7&r=0&o=5&dpr=1.5&pid=1.7',655),(3367,'https://th.bing.com/th/id/OIP.aKYbwmxZr-0yAsW8SCUDLAHaDO?w=316&h=152&c=7&r=0&o=5&dpr=1.5&pid=1.7',656),(3368,'https://th.bing.com/th/id/OIP.edcYLSbC_8BF3nnhzW4qjQHaHa?w=192&h=192&c=7&r=0&o=5&dpr=1.5&pid=1.7',657),(3369,'https://th.bing.com/th/id/OIP.vlLGNHQitZC3YbasTf36-AHaJ4?w=122&h=180&c=7&r=0&o=5&dpr=1.5&pid=1.7',658),(3370,'https://th.bing.com/th/id/OIP.HicoFL5wRyps9hNQw9vlWgHaHa?w=168&h=180&c=7&r=0&o=5&dpr=1.5&pid=1.7',659),(3371,'https://th.bing.com/th/id/OIP.HgT7D5aNcJaw_VWBfkaTBwHaFj?w=195&h=180&c=7&r=0&o=5&dpr=1.5&pid=1.7',635),(3372,'https://th.bing.com/th/id/OIP.3RvSoz3zRakcunFpI3U96QHaHa?w=205&h=206&c=7&r=0&o=5&dpr=1.5&pid=1.7',636),(3373,'https://th.bing.com/th/id/OIP.2cGTJosx12DWLL7rvwDfDwHaHa?w=158&h=180&c=7&r=0&o=5&dpr=1.5&pid=1.7',637),(3374,'https://th.bing.com/th/id/OIP.MAF65ih60b13N3LBnsX9ywHaEt?w=289&h=184&c=7&r=0&o=5&dpr=1.5&pid=1.7',638),(3375,'https://th.bing.com/th/id/OIP.IM2jVA7eWxKAabdfrMx77AHaFj?w=286&h=214&c=7&r=0&o=5&dpr=1.5&pid=1.7',639),(3376,'https://th.bing.com/th/id/OIP.Y-P22CgqVRKce959BU88OQHaHa?w=193&h=193&c=7&r=0&o=5&dpr=1.3&pid=1.7',645),(3377,'https://th.bing.com/th/id/OIP.1En18xsUGktIXIm2MkHNvAHaHa?w=159&h=180&c=7&r=0&o=5&dpr=1.3&pid=1.7',646),(3378,'https://th.bing.com/th/id/OIP.zgkOItqyKc1upGP-QeGPTQHaFj?w=210&h=180&c=7&r=0&o=5&dpr=1.3&pid=1.7',647),(3379,'https://th.bing.com/th/id/OIP.nCv6Gh1I11RcJtbBAutiEAHaHk?w=149&h=180&c=7&r=0&o=5&dpr=1.3&pid=1.7',648),(3380,'https://th.bing.com/th/id/OIP.X7D_5wW9jdQbT4S2-1blfgHaFq?w=256&h=195&c=7&r=0&o=5&dpr=1.3&pid=1.7',649),(3381,'https://th.bing.com/th/id/OIP.gEZYYRCcphKpaxXEDZAMhgHaHa?w=199&h=199&c=7&r=0&o=5&dpr=1.5&pid=1.7',655),(3382,'https://th.bing.com/th/id/OIP.aKYbwmxZr-0yAsW8SCUDLAHaDO?w=316&h=152&c=7&r=0&o=5&dpr=1.5&pid=1.7',656),(3383,'https://th.bing.com/th/id/OIP.edcYLSbC_8BF3nnhzW4qjQHaHa?w=192&h=192&c=7&r=0&o=5&dpr=1.5&pid=1.7',657),(3384,'https://th.bing.com/th/id/OIP.vlLGNHQitZC3YbasTf36-AHaJ4?w=122&h=180&c=7&r=0&o=5&dpr=1.5&pid=1.7',658),(3385,'https://th.bing.com/th/id/OIP.HicoFL5wRyps9hNQw9vlWgHaHa?w=168&h=180&c=7&r=0&o=5&dpr=1.5&pid=1.7',659),(3386,'https://th.bing.com/th/id/OIP.HgT7D5aNcJaw_VWBfkaTBwHaFj?w=195&h=180&c=7&r=0&o=5&dpr=1.5&pid=1.7',635),(3387,'https://th.bing.com/th/id/OIP.3RvSoz3zRakcunFpI3U96QHaHa?w=205&h=206&c=7&r=0&o=5&dpr=1.5&pid=1.7',636),(3388,'https://th.bing.com/th/id/OIP.2cGTJosx12DWLL7rvwDfDwHaHa?w=158&h=180&c=7&r=0&o=5&dpr=1.5&pid=1.7',637),(3389,'https://th.bing.com/th/id/OIP.MAF65ih60b13N3LBnsX9ywHaEt?w=289&h=184&c=7&r=0&o=5&dpr=1.5&pid=1.7',638),(3390,'https://th.bing.com/th/id/OIP.IM2jVA7eWxKAabdfrMx77AHaFj?w=286&h=214&c=7&r=0&o=5&dpr=1.5&pid=1.7',639),(3391,'https://th.bing.com/th/id/OIP.Y-P22CgqVRKce959BU88OQHaHa?w=193&h=193&c=7&r=0&o=5&dpr=1.3&pid=1.7',645),(3392,'https://th.bing.com/th/id/OIP.1En18xsUGktIXIm2MkHNvAHaHa?w=159&h=180&c=7&r=0&o=5&dpr=1.3&pid=1.7',646),(3393,'https://th.bing.com/th/id/OIP.zgkOItqyKc1upGP-QeGPTQHaFj?w=210&h=180&c=7&r=0&o=5&dpr=1.3&pid=1.7',647),(3394,'https://th.bing.com/th/id/OIP.nCv6Gh1I11RcJtbBAutiEAHaHk?w=149&h=180&c=7&r=0&o=5&dpr=1.3&pid=1.7',648),(3395,'https://th.bing.com/th/id/OIP.X7D_5wW9jdQbT4S2-1blfgHaFq?w=256&h=195&c=7&r=0&o=5&dpr=1.3&pid=1.7',649),(3396,'https://th.bing.com/th/id/OIP.gEZYYRCcphKpaxXEDZAMhgHaHa?w=199&h=199&c=7&r=0&o=5&dpr=1.5&pid=1.7',655),(3397,'https://th.bing.com/th/id/OIP.aKYbwmxZr-0yAsW8SCUDLAHaDO?w=316&h=152&c=7&r=0&o=5&dpr=1.5&pid=1.7',656),(3398,'https://th.bing.com/th/id/OIP.edcYLSbC_8BF3nnhzW4qjQHaHa?w=192&h=192&c=7&r=0&o=5&dpr=1.5&pid=1.7',657),(3399,'https://th.bing.com/th/id/OIP.vlLGNHQitZC3YbasTf36-AHaJ4?w=122&h=180&c=7&r=0&o=5&dpr=1.5&pid=1.7',658),(3400,'https://th.bing.com/th/id/OIP.HicoFL5wRyps9hNQw9vlWgHaHa?w=168&h=180&c=7&r=0&o=5&dpr=1.5&pid=1.7',659),(3401,'https://th.bing.com/th/id/OIP.HgT7D5aNcJaw_VWBfkaTBwHaFj?w=195&h=180&c=7&r=0&o=5&dpr=1.5&pid=1.7',635),(3402,'https://th.bing.com/th/id/OIP.3RvSoz3zRakcunFpI3U96QHaHa?w=205&h=206&c=7&r=0&o=5&dpr=1.5&pid=1.7',636),(3403,'https://th.bing.com/th/id/OIP.2cGTJosx12DWLL7rvwDfDwHaHa?w=158&h=180&c=7&r=0&o=5&dpr=1.5&pid=1.7',637),(3404,'https://th.bing.com/th/id/OIP.MAF65ih60b13N3LBnsX9ywHaEt?w=289&h=184&c=7&r=0&o=5&dpr=1.5&pid=1.7',638),(3405,'https://th.bing.com/th/id/OIP.IM2jVA7eWxKAabdfrMx77AHaFj?w=286&h=214&c=7&r=0&o=5&dpr=1.5&pid=1.7',639),(3406,'https://th.bing.com/th/id/OIP.Y-P22CgqVRKce959BU88OQHaHa?w=193&h=193&c=7&r=0&o=5&dpr=1.3&pid=1.7',645),(3407,'https://th.bing.com/th/id/OIP.1En18xsUGktIXIm2MkHNvAHaHa?w=159&h=180&c=7&r=0&o=5&dpr=1.3&pid=1.7',646),(3408,'https://th.bing.com/th/id/OIP.zgkOItqyKc1upGP-QeGPTQHaFj?w=210&h=180&c=7&r=0&o=5&dpr=1.3&pid=1.7',647),(3409,'https://th.bing.com/th/id/OIP.nCv6Gh1I11RcJtbBAutiEAHaHk?w=149&h=180&c=7&r=0&o=5&dpr=1.3&pid=1.7',648),(3410,'https://th.bing.com/th/id/OIP.X7D_5wW9jdQbT4S2-1blfgHaFq?w=256&h=195&c=7&r=0&o=5&dpr=1.3&pid=1.7',649),(3411,'https://th.bing.com/th/id/OIP.gEZYYRCcphKpaxXEDZAMhgHaHa?w=199&h=199&c=7&r=0&o=5&dpr=1.5&pid=1.7',655),(3412,'https://th.bing.com/th/id/OIP.aKYbwmxZr-0yAsW8SCUDLAHaDO?w=316&h=152&c=7&r=0&o=5&dpr=1.5&pid=1.7',656),(3413,'https://th.bing.com/th/id/OIP.edcYLSbC_8BF3nnhzW4qjQHaHa?w=192&h=192&c=7&r=0&o=5&dpr=1.5&pid=1.7',657),(3414,'https://th.bing.com/th/id/OIP.vlLGNHQitZC3YbasTf36-AHaJ4?w=122&h=180&c=7&r=0&o=5&dpr=1.5&pid=1.7',658),(3415,'https://th.bing.com/th/id/OIP.HicoFL5wRyps9hNQw9vlWgHaHa?w=168&h=180&c=7&r=0&o=5&dpr=1.5&pid=1.7',659),(3416,'https://th.bing.com/th/id/OIP.HgT7D5aNcJaw_VWBfkaTBwHaFj?w=195&h=180&c=7&r=0&o=5&dpr=1.5&pid=1.7',635),(3417,'https://th.bing.com/th/id/OIP.3RvSoz3zRakcunFpI3U96QHaHa?w=205&h=206&c=7&r=0&o=5&dpr=1.5&pid=1.7',636),(3418,'https://th.bing.com/th/id/OIP.2cGTJosx12DWLL7rvwDfDwHaHa?w=158&h=180&c=7&r=0&o=5&dpr=1.5&pid=1.7',637),(3419,'https://th.bing.com/th/id/OIP.MAF65ih60b13N3LBnsX9ywHaEt?w=289&h=184&c=7&r=0&o=5&dpr=1.5&pid=1.7',638),(3420,'https://th.bing.com/th/id/OIP.IM2jVA7eWxKAabdfrMx77AHaFj?w=286&h=214&c=7&r=0&o=5&dpr=1.5&pid=1.7',639),(3421,'https://th.bing.com/th/id/OIP.Y-P22CgqVRKce959BU88OQHaHa?w=193&h=193&c=7&r=0&o=5&dpr=1.3&pid=1.7',645),(3422,'https://th.bing.com/th/id/OIP.1En18xsUGktIXIm2MkHNvAHaHa?w=159&h=180&c=7&r=0&o=5&dpr=1.3&pid=1.7',646),(3423,'https://th.bing.com/th/id/OIP.zgkOItqyKc1upGP-QeGPTQHaFj?w=210&h=180&c=7&r=0&o=5&dpr=1.3&pid=1.7',647),(3424,'https://th.bing.com/th/id/OIP.nCv6Gh1I11RcJtbBAutiEAHaHk?w=149&h=180&c=7&r=0&o=5&dpr=1.3&pid=1.7',648),(3425,'https://th.bing.com/th/id/OIP.X7D_5wW9jdQbT4S2-1blfgHaFq?w=256&h=195&c=7&r=0&o=5&dpr=1.3&pid=1.7',649),(3426,'https://th.bing.com/th/id/OIP.gEZYYRCcphKpaxXEDZAMhgHaHa?w=199&h=199&c=7&r=0&o=5&dpr=1.5&pid=1.7',655),(3427,'https://th.bing.com/th/id/OIP.aKYbwmxZr-0yAsW8SCUDLAHaDO?w=316&h=152&c=7&r=0&o=5&dpr=1.5&pid=1.7',656),(3428,'https://th.bing.com/th/id/OIP.edcYLSbC_8BF3nnhzW4qjQHaHa?w=192&h=192&c=7&r=0&o=5&dpr=1.5&pid=1.7',657),(3429,'https://th.bing.com/th/id/OIP.vlLGNHQitZC3YbasTf36-AHaJ4?w=122&h=180&c=7&r=0&o=5&dpr=1.5&pid=1.7',658),(3430,'https://th.bing.com/th/id/OIP.HicoFL5wRyps9hNQw9vlWgHaHa?w=168&h=180&c=7&r=0&o=5&dpr=1.5&pid=1.7',659),(3461,'https://th.bing.com/th/id/OIP.8m94JJ_skgVvUJ_ObNoWQgHaEK?w=286&h=180&c=7&r=0&o=5&dpr=1.5&pid=1.7',668),(3462,'https://th.bing.com/th/id/OIP.qM5zaIAUI49W4-x1pnjb0wHaHZ?w=175&h=180&c=7&r=0&o=5&dpr=1.5&pid=1.7',668),(3463,'https://th.bing.com/th/id/OIP.T_TIW8QtZwEXAq_6W-jqzgHaFj?w=280&h=210&c=7&r=0&o=5&dpr=1.5&pid=1.7',668),(3464,'https://th.bing.com/th/id/OIP.nW4GzokHiKs4Szgcbn6kcQHaE9?w=208&h=180&c=7&r=0&o=5&dpr=1.5&pid=1.7',668),(3465,'https://th.bing.com/th/id/OIP.sYXrZDbq4zpheWHu5qXGwgHaE8?w=246&h=180&c=7&r=0&o=5&dpr=1.5&pid=1.7',668),(3466,'https://th.bing.com/th/id/OIP.KKiw2hCqjtbHeeDE6shcewAAAA?w=333&h=187&c=7&r=0&o=5&dpr=1.5&pid=1.7',668),(3467,'https://th.bing.com/th/id/OIP.7qR3rCB_iKCCPzUUmHwx8gHaE7?w=228&h=180&c=7&r=0&o=5&dpr=1.5&pid=1.7',669),(3468,'https://th.bing.com/th/id/OIP.SM1DJ8A9adV5oJRZ5yksiQHaHa?w=141&h=180&c=7&r=0&o=5&dpr=1.5&pid=1.7',669),(3469,'https://th.bing.com/th/id/OIP.Gugj6FOZ22QOi6iH2rTQSgHaE8?w=260&h=180&c=7&r=0&o=5&dpr=1.5&pid=1.7',669),(3470,'https://th.bing.com/th/id/OIP.uPjNym0uxz_IsG-93zUgUAHaEx?w=255&h=180&c=7&r=0&o=5&dpr=1.5&pid=1.7',669),(3471,'https://th.bing.com/th/id/OIP.KH4qqfmbHDye7uijjBE1nwHaD4?w=302&h=180&c=7&r=0&o=5&dpr=1.5&pid=1.7',669),(3472,'https://th.bing.com/th/id/OIP.XYksYIJwsaGUxC59_TRfXgHaDk?w=344&h=180&c=7&r=0&o=5&dpr=1.5&pid=1.7',669),(3473,'https://th.bing.com/th/id/OIP.p7i_DnK7tqXL08DO0cRomgHaFj?w=173&h=180&c=7&r=0&o=5&dpr=1.3&pid=1.7',670),(3474,'https://th.bing.com/th/id/OIP.6Lu-E9eidH48qmiG2LTpnAHaE8?w=89&h=89&c=1&rs=1&qlt=90&r=0&dpr=1.3&pid=InlineBlock',670),(3475,'https://th.bing.com/th/id/OIP.gPy43i4Ou1OGrE53L8AdfAHaFj?w=89&h=90&c=1&rs=1&qlt=90&r=0&dpr=1.3&pid=InlineBlock',670),(3476,'https://th.bing.com/th/id/OIP.9gpePkOyqaROOzv0Z9brfgHaGS?w=186&h=180&c=7&r=0&o=5&dpr=1.3&pid=1.7',670),(3477,'https://th.bing.com/th/id/OIP.WsDU-U7B31ENm_ewmKGYEAHaEa?w=229&h=180&c=7&r=0&o=5&dpr=1.3&pid=1.7',670),(3478,'https://th.bing.com/th/id/OIP.PDwrJdbUw9Z9i9Ql9KcZOQHaE8?w=89&h=89&c=1&rs=1&qlt=90&r=0&dpr=1.3&pid=InlineBlock',670),(3479,'https://th.bing.com/th/id/OIP.Cn9VgPPWWWTy02D2nRJDGQHaGV?w=224&h=192&c=7&r=0&o=5&dpr=1.3&pid=1.7',671),(3480,'https://th.bing.com/th/id/OIP.GiiV-CpYwHXcQmgMy2SjYgHaDh?w=63&h=63&c=1&rs=1&qlt=90&r=0&dpr=1.3&pid=InlineBlock',671),(3481,'https://th.bing.com/th/id/OIP.kfknCUGyGkFuPhxNfu0KYQHaHy?w=63&h=63&c=1&rs=1&qlt=90&r=0&dpr=1.3&pid=InlineBlock',671),(3482,'https://th.bing.com/th/id/OIP.V8fjc7dfRexE7AoVoStTCAHaDx?w=63&h=64&c=1&rs=1&qlt=90&r=0&dpr=1.3&pid=InlineBlock',671),(3483,'https://th.bing.com/th/id/OIP.4ob-KhwMiij5XTWBC4bWNAHaHa?w=192&h=192&c=7&r=0&o=5&dpr=1.3&pid=1.7',671),(3484,'https://th.bing.com/th/id/OIP.FoNCrz_qAEzyjPiQPuRgIAHaE9?w=288&h=192&c=7&r=0&o=5&dpr=1.3&pid=1.7',671),(3485,'https://th.bing.com/th/id/OIP.VrJpL6j4Vx046YCV3NMWqQHaE8?w=291&h=194&c=7&r=0&o=5&dpr=1.3&pid=1.7',672),(3486,'https://th.bing.com/th/id/OIP.2KcAergCobT_97Nm8bdaXAHaE7?w=64&h=64&c=1&rs=1&qlt=90&r=0&dpr=1.3&pid=InlineBlock',672),(3487,'https://th.bing.com/th/id/OIP.iSNn2EPE7bqGeELcdbWtxAHaE8?w=64&h=64&c=1&rs=1&qlt=90&r=0&dpr=1.3&pid=InlineBlock',672),(3488,'https://th.bing.com/th/id/OIP.T5gdew_M-XrocPFg0ed6kgHaE8?w=64&h=64&c=1&rs=1&qlt=90&r=0&dpr=1.3&pid=InlineBlock',672),(3489,'https://th.bing.com/th/id/OIP.fyuM-XpB2D0nK0hx4NT_MAHaF2?w=245&h=194&c=7&r=0&o=5&dpr=1.3&pid=1.7',672),(3490,'https://th.bing.com/th/id/OIP.JuNrMq6wXgrdKNa7McQOGAHaE8?w=64&h=64&c=1&rs=1&qlt=90&r=0&dpr=1.3&pid=InlineBlock',672),(3491,'https://th.bing.com/th/id/OIP.4gFj3MkMLLuNOWLxQNsFrwHaF-?w=231&h=186&c=7&r=0&o=5&dpr=1.3&pid=1.7',673),(3492,'https://th.bing.com/th/id/OIP.wk12wZbljSNRk-I1RpwFkAHaFj?w=244&h=183&c=7&r=0&o=5&dpr=1.3&pid=1.7',674),(3493,'https://th.bing.com/th/id/OIP.X3P1IbpBfPSylr6T8uAugwHaFf?w=230&h=180&c=7&r=0&o=5&dpr=1.3&pid=1.7',675),(3494,'https://th.bing.com/th/id/OIP.EDrzZpMoT0GNU7l_v8H0SgHaFa?w=206&h=180&c=7&r=0&o=5&dpr=1.3&pid=1.7',676),(3495,'https://th.bing.com/th/id/OIP.SjfHYs_PtNrH7TrASwMXcgHaFj?w=194&h=180&c=7&r=0&o=5&dpr=1.3&pid=1.7',677),(3496,'https://th.bing.com/th/id/OIP.4gFj3MkMLLuNOWLxQNsFrwHaF-?w=231&h=186&c=7&r=0&o=5&dpr=1.3&pid=1.7',673),(3497,'https://th.bing.com/th/id/OIP.wk12wZbljSNRk-I1RpwFkAHaFj?w=244&h=183&c=7&r=0&o=5&dpr=1.3&pid=1.7',674),(3498,'https://th.bing.com/th/id/OIP.X3P1IbpBfPSylr6T8uAugwHaFf?w=230&h=180&c=7&r=0&o=5&dpr=1.3&pid=1.7',675),(3499,'https://th.bing.com/th/id/OIP.EDrzZpMoT0GNU7l_v8H0SgHaFa?w=206&h=180&c=7&r=0&o=5&dpr=1.3&pid=1.7',676),(3500,'https://th.bing.com/th/id/OIP.SjfHYs_PtNrH7TrASwMXcgHaFj?w=194&h=180&c=7&r=0&o=5&dpr=1.3&pid=1.7',677),(3501,'https://th.bing.com/th/id/OIP.4gFj3MkMLLuNOWLxQNsFrwHaF-?w=231&h=186&c=7&r=0&o=5&dpr=1.3&pid=1.7',673),(3502,'https://th.bing.com/th/id/OIP.wk12wZbljSNRk-I1RpwFkAHaFj?w=244&h=183&c=7&r=0&o=5&dpr=1.3&pid=1.7',674),(3503,'https://th.bing.com/th/id/OIP.X3P1IbpBfPSylr6T8uAugwHaFf?w=230&h=180&c=7&r=0&o=5&dpr=1.3&pid=1.7',675),(3504,'https://th.bing.com/th/id/OIP.EDrzZpMoT0GNU7l_v8H0SgHaFa?w=206&h=180&c=7&r=0&o=5&dpr=1.3&pid=1.7',676),(3505,'https://th.bing.com/th/id/OIP.SjfHYs_PtNrH7TrASwMXcgHaFj?w=194&h=180&c=7&r=0&o=5&dpr=1.3&pid=1.7',677),(3506,'https://th.bing.com/th/id/OIP.4gFj3MkMLLuNOWLxQNsFrwHaF-?w=231&h=186&c=7&r=0&o=5&dpr=1.3&pid=1.7',673),(3507,'https://th.bing.com/th/id/OIP.wk12wZbljSNRk-I1RpwFkAHaFj?w=244&h=183&c=7&r=0&o=5&dpr=1.3&pid=1.7',674),(3508,'https://th.bing.com/th/id/OIP.X3P1IbpBfPSylr6T8uAugwHaFf?w=230&h=180&c=7&r=0&o=5&dpr=1.3&pid=1.7',675),(3509,'https://th.bing.com/th/id/OIP.EDrzZpMoT0GNU7l_v8H0SgHaFa?w=206&h=180&c=7&r=0&o=5&dpr=1.3&pid=1.7',676),(3510,'https://th.bing.com/th/id/OIP.SjfHYs_PtNrH7TrASwMXcgHaFj?w=194&h=180&c=7&r=0&o=5&dpr=1.3&pid=1.7',677),(3511,'https://th.bing.com/th/id/OIP.4gFj3MkMLLuNOWLxQNsFrwHaF-?w=231&h=186&c=7&r=0&o=5&dpr=1.3&pid=1.7',673),(3512,'https://th.bing.com/th/id/OIP.wk12wZbljSNRk-I1RpwFkAHaFj?w=244&h=183&c=7&r=0&o=5&dpr=1.3&pid=1.7',674),(3513,'https://th.bing.com/th/id/OIP.X3P1IbpBfPSylr6T8uAugwHaFf?w=230&h=180&c=7&r=0&o=5&dpr=1.3&pid=1.7',675),(3514,'https://th.bing.com/th/id/OIP.EDrzZpMoT0GNU7l_v8H0SgHaFa?w=206&h=180&c=7&r=0&o=5&dpr=1.3&pid=1.7',676),(3515,'https://th.bing.com/th/id/OIP.SjfHYs_PtNrH7TrASwMXcgHaFj?w=194&h=180&c=7&r=0&o=5&dpr=1.3&pid=1.7',677),(3516,'https://th.bing.com/th/id/OIP.4gFj3MkMLLuNOWLxQNsFrwHaF-?w=231&h=186&c=7&r=0&o=5&dpr=1.3&pid=1.7',673),(3517,'https://th.bing.com/th/id/OIP.wk12wZbljSNRk-I1RpwFkAHaFj?w=244&h=183&c=7&r=0&o=5&dpr=1.3&pid=1.7',674),(3518,'https://th.bing.com/th/id/OIP.X3P1IbpBfPSylr6T8uAugwHaFf?w=230&h=180&c=7&r=0&o=5&dpr=1.3&pid=1.7',675),(3519,'https://th.bing.com/th/id/OIP.EDrzZpMoT0GNU7l_v8H0SgHaFa?w=206&h=180&c=7&r=0&o=5&dpr=1.3&pid=1.7',676),(3520,'https://th.bing.com/th/id/OIP.SjfHYs_PtNrH7TrASwMXcgHaFj?w=194&h=180&c=7&r=0&o=5&dpr=1.3&pid=1.7',677),(3538,'https://res.cloudinary.com/dte2ps5qs/image/upload/v1704100957/hg0hnxr3z8ekcqkgv4qk.jpg',683),(3539,'https://res.cloudinary.com/dte2ps5qs/image/upload/v1704100969/l2xsf0tnjzivlcies2lo.jpg',683),(3540,'https://res.cloudinary.com/dte2ps5qs/image/upload/v1704100978/lrieffeuix9ewddmblyd.jpg',683),(3541,'https://res.cloudinary.com/dte2ps5qs/image/upload/v1704100988/fcuwpdnlyppo6kvudmkg.jpg',683),(3542,'https://res.cloudinary.com/dte2ps5qs/image/upload/v1704446643/ipucmcxs35t7s6zkfckw.jpg',681),(3543,'https://res.cloudinary.com/dte2ps5qs/image/upload/v1704446734/edft6rh5urvtjhtbeodf.jpg',681),(3544,'https://res.cloudinary.com/dte2ps5qs/image/upload/v1704446739/uucfayfbn5kpvecmfma7.jpg',681),(3545,'https://res.cloudinary.com/dte2ps5qs/image/upload/v1704446743/bgbrspursmvxro8hzlnq.jpg',681),(3546,'https://res.cloudinary.com/dte2ps5qs/image/upload/v1704446747/is6etki9o90fsfzmqxkn.jpg',681),(3547,'https://res.cloudinary.com/dte2ps5qs/image/upload/v1704446752/wrov6hhtjepb1edtrufx.jpg',681);
/*!40000 ALTER TABLE `image_item` ENABLE KEYS */;
UNLOCK TABLES;

--
-- Table structure for table `item`
--

DROP TABLE IF EXISTS `item`;
/*!40101 SET @saved_cs_client     = @@character_set_client */;
/*!50503 SET character_set_client = utf8mb4 */;
CREATE TABLE `item` (
  `ID` int NOT NULL AUTO_INCREMENT,
  `NAME` varchar(250) NOT NULL,
  `ITEM_GROUP_ID` int NOT NULL,
  `BUY_PRICE` double NOT NULL,
  `SELL_PRICE` double NOT NULL,
  `DISCOUNT` int NOT NULL DEFAULT '0',
  `DESCRIPTION` varchar(10000) NOT NULL,
  `IS_DELETE` tinyint NOT NULL DEFAULT (0),
  `LAST_UPDATE_AT` datetime NOT NULL DEFAULT CURRENT_TIMESTAMP,
  `RATING` double NOT NULL DEFAULT '0',
  PRIMARY KEY (`ID`),
  KEY `FK_ITEM_IG` (`ITEM_GROUP_ID`),
  CONSTRAINT `FK_ITEM_IG` FOREIGN KEY (`ITEM_GROUP_ID`) REFERENCES `item_group` (`ID`)
) ENGINE=InnoDB AUTO_INCREMENT=684 DEFAULT CHARSET=utf8mb4 COLLATE=utf8mb4_0900_ai_ci;
/*!40101 SET character_set_client = @saved_cs_client */;

--
-- Dumping data for table `item`
--

LOCK TABLES `item` WRITE;
/*!40000 ALTER TABLE `item` DISABLE KEYS */;
INSERT INTO `item` VALUES (570,'iPhone 13 Pro',2,24490000,25490000,15,'Màn hình: Super Retina XDR 6.1 inch, Chip A15 Bionic',0,'2023-12-30 14:01:52',5),(571,'Samsung Galaxy S21',2,21990000,22990000,15,'Màn hình: Dynamic AMOLED 6.2 inch, Chip Exynos 2100',0,'2023-12-30 14:01:52',5),(572,'Google Pixel 6',2,15990000,16990000,15,'Màn hình: AMOLED 6.4 inch, Chip Tensor, Camera 50 MP',0,'2023-12-30 14:01:52',5),(573,'OnePlus 9',2,14990000,15990000,15,'Màn hình: Fluid AMOLED 6.55 inch, Chip Snapdragon 888',0,'2023-12-30 14:01:52',5),(574,'Xiaomi Mi 11',2,12990000,13990000,15,'Màn hình: AMOLED 6.81 inch, Chip Snapdragon 888',0,'2023-12-30 14:01:52',5),(575,'Oppo Find X3 Pro',2,27990000,28990000,15,'Màn hình: AMOLED 6.7 inch, Chip Snapdragon 888',0,'2023-12-30 14:01:52',5),(576,'Huawei P40 Pro+',2,24490000,25490000,15,'Màn hình: OLED 6.58 inch, Chip Kirin 990, Camera Leica',0,'2023-12-30 14:01:52',5),(577,'Sony Xperia 1 III',2,29990000,30990000,15,'Màn hình: 4K HDR OLED 6.5 inch, Chip Snapdragon 888',0,'2023-12-30 14:01:52',5),(578,'Motorola Edge+',2,21990000,22990000,15,'Màn hình: AMOLED 6.7 inch, Chip Snapdragon 870',0,'2023-12-30 14:01:52',5),(579,'LG G8 ThinQ',2,12990000,13990000,15,'Màn hình: OLED 6.1 inch, Chip Snapdragon 855',0,'2023-12-30 14:01:52',5),(590,'Apple Watch Series 7',3,5290000,5990000,20,'Màn hình: Always-On Retina, Chống nước WR50, Đo nhịp tim, Đo nồng độ oxi trong máu',0,'2023-12-08 22:35:27',5),(591,'Samsung Galaxy Watch 4',3,4390000,4790000,10,'Màn hình: Super AMOLED, Chống nước WR50, Đo nhịp tim, Đo nồng độ oxi trong máu',0,'2023-12-08 22:35:27',5),(592,'Fitbit Sense',3,3290000,3690000,20,'Màn hình: AMOLED, Chống nước WR50, Đo nhịp tim, Đo nồng độ oxi trong máu',0,'2023-12-08 22:35:27',5),(593,'Garmin Venu 2',3,4090000,4490000,20,'Màn hình: AMOLED, Chống nước WR50, Đo nhịp tim, GPS tích hợp',0,'2023-12-08 22:35:27',5),(594,'Huawei Watch GT 3',3,2890000,3290000,20,'Màn hình: AMOLED, Chống nước WR50, Đo nhịp tim, Đo nồng độ oxi trong máu',0,'2023-12-08 22:35:27',5),(595,'Xiaomi Mi Watch',3,1590000,1990000,20,'Màn hình: AMOLED, Chống nước WR50, Đo nhịp tim, Đo nồng độ oxi trong máu',0,'2023-12-08 22:35:27',5),(596,'Amazfit GTR 3',3,2090000,2490000,20,'Màn hình: AMOLED, Chống nước WR50, Đo nhịp tim, GPS tích hợp',0,'2023-12-08 22:35:27',5),(597,'Fossil Gen 6',3,2890000,3290000,20,'Màn hình: AMOLED, Chống nước WR30, Đo nhịp tim, Đo nồng độ oxi trong máu',0,'2023-12-08 22:35:27',5),(598,'TicWatch Pro 3',3,2390000,2790000,20,'Màn hình: AMOLED, Chống nước WR30, Đo nhịp tim, GPS tích hợp',0,'2023-12-08 22:35:27',5),(599,'Garmin Forerunner 945',3,5790000,6490000,20,'Màn hình: MIP LCD, Chống nước WR50, Đo nhịp tim, GPS tích hợp, Đo nồng độ oxi trong máu',0,'2023-12-08 22:35:27',5),(600,'Logitech G Pro X',4,1499000,1899000,15,'Loại: Cơ học (Switch hot-swappable), Kết nối: USB, Đèn nền RGB, Chống nước',0,'2023-12-08 22:36:46',5),(601,'Corsair K95 RGB Platinum XT',4,3099000,3499000,20,'Loại: Cơ học (Cherry MX), Kết nối: USB, Đèn nền RGB, Chống nước',0,'2023-12-08 22:36:46',5),(602,'Razer BlackWidow Elite',4,2499000,2899000,20,'Loại: Cơ học (Razer Green), Kết nối: USB, Đèn nền RGB, Cổng USB và Audio Pass-Through',0,'2023-12-08 22:36:46',5),(603,'SteelSeries Apex Pro',4,3599000,3999000,20,'Loại: Cơ học (OmniPoint Adjustable), Kết nối: USB, Đèn nền RGB, Cổng USB và Magnetic Wrist Rest',0,'2023-12-08 22:36:46',5),(604,'HyperX Alloy FPS Pro',4,999000,1399000,20,'Loại: Cơ học (Cherry MX), Kết nối: USB, Không có số, Chống nước',0,'2023-12-08 22:36:46',5),(605,'Cooler Master CK552',4,1199000,1599000,20,'Loại: Cơ học (Gateron), Kết nối: USB, Đèn nền RGB, Chống nước',0,'2023-12-08 22:36:46',5),(606,'Ducky One 2 Mini',4,1599000,1999000,20,'Loại: Cơ học (Cherry MX), Kết nối: USB, Mini 60%, Đèn nền RGB',0,'2023-12-08 22:36:46',5),(607,'Keychron K6',4,1099000,1499000,20,'Loại: Cơ học (Gateron), Kết nối: Bluetooth/USB-C, Compact 65%, Đèn nền RGB',0,'2023-12-08 22:36:46',5),(608,'Anne Pro 2',4,899000,1299000,20,'Loại: Cơ học (Gateron), Kết nối: Bluetooth/USB-C, Compact 60%, Đèn nền RGB',0,'2023-12-08 22:36:46',5),(609,'Leopold FC660M',4,1799000,2199000,20,'Loại: Cơ học (Cherry MX), Kết nối: USB-C, Compact 66%, Không có đèn nền',0,'2023-12-08 22:36:46',5),(610,'Logitech G Pro Wireless',5,2099000,2499000,20,'Loại: Không dây, Cảm biến: HERO 25K, Độ phân giải: 16,000 DPI, Trọng lượng: 80g',0,'2023-12-08 22:37:03',5),(611,'Razer DeathAdder Elite',5,1299000,1699000,20,'Loại: Dây, Cảm biến: PMW3366, Độ phân giải: 16,000 DPI, Trọng lượng: 96g',0,'2023-12-08 22:37:03',5),(612,'SteelSeries Rival 600',5,1899000,2299000,20,'Loại: Dây, Cảm biến: TrueMove3+, Độ phân giải: 12,000 DPI, Trọng lượng: 96g',0,'2023-12-08 22:37:03',5),(613,'Corsair Dark Core RGB/SE',5,1599000,1999000,20,'Loại: Dây/Không dây, Cảm biến: PMW3367, Độ phân giải: 16,000 DPI, Trọng lượng: 128g',0,'2023-12-08 22:37:03',5),(614,'Logitech MX Master 3',5,2099000,2499000,20,'Loại: Không dây, Cảm biến: Darkfield, Độ phân giải: 4,000 DPI, 7 nút điều khiển',0,'2023-12-08 22:37:03',5),(615,'Roccat Kone AIMO',5,1099000,1499000,20,'Loại: Dây, Cảm biến: Owl-Eye, Độ phân giải: 16,000 DPI, Trọng lượng: 130g',0,'2023-12-08 22:37:03',5),(616,'Corsair Harpoon RGB Wireless',5,599000,799000,20,'Loại: Không dây, Cảm biến: PMW3325, Độ phân giải: 10,000 DPI, Trọng lượng: 99g',0,'2023-12-08 22:37:03',5),(617,'Logitech G502 HERO',5,1199000,1599000,20,'Loại: Dây, Cảm biến: HERO 16K, Độ phân giải: 16,000 DPI, Trọng lượng: 121g',0,'2023-12-08 22:37:03',5),(618,'SteelSeries Sensei Ten',5,1099000,1499000,20,'Loại: Dây, Cảm biến: TrueMove Pro, Độ phân giải: 18,000 DPI, Trọng lượng: 92g',0,'2023-12-08 22:37:03',5),(619,'Glorious Model O',5,1099000,1499000,20,'Loại: Dây, Cảm biến: Pixart PMW3360, Độ phân giải: 12,000 DPI, Trọng lượng: 67g',0,'2023-12-08 22:37:03',5),(620,'iPad Pro 12.9-inch (2021)',6,21990000,22990000,20,'Màn hình: Liquid Retina XDR, Chip: M1, Lưu trữ: 128GB, Hệ điều hành: iPadOS',0,'2023-12-08 22:37:23',5),(621,'Samsung Galaxy Tab S7+',6,17990000,18990000,20,'Màn hình: Super AMOLED, Chip: Snapdragon 865+, Lưu trữ: 128GB, Hệ điều hành: Android',0,'2023-12-08 22:37:23',4),(622,'Microsoft Surface Pro 7',6,16990000,17990000,20,'Màn hình: PixelSense, Chip: Intel Core i5, Lưu trữ: 256GB, Hệ điều hành: Windows 10',0,'2023-12-08 22:37:23',5),(623,'Lenovo Tab P11 Pro',6,9290000,9990000,20,'Màn hình: OLED, Chip: Snapdragon 730G, Lưu trữ: 128GB, Hệ điều hành: Android',0,'2023-12-08 22:37:23',5),(624,'Huawei MatePad Pro 12.6',6,13990000,14990000,20,'Màn hình: OLED, Chip: Kirin 9000E, Lưu trữ: 256GB, Hệ điều hành: HarmonyOS',0,'2023-12-08 22:37:23',5),(625,'Apple iPad Air (2020)',6,12990000,13990000,20,'Màn hình: Liquid Retina, Chip: A14 Bionic, Lưu trữ: 64GB, Hệ điều hành: iPadOS',0,'2023-12-08 22:37:23',5),(626,'Samsung Galaxy Tab A7',6,5290000,5990000,20,'Màn hình: TFT, Chip: Snapdragon 662, Lưu trữ: 32GB, Hệ điều hành: Android',0,'2023-12-08 22:37:23',5),(627,'Amazon Fire HD 10',6,2790000,3190000,20,'Màn hình: Full HD, Chip: MediaTek, Lưu trữ: 64GB, Hệ điều hành: Fire OS',0,'2023-12-08 22:37:23',5),(628,'Microsoft Surface Go 3',6,8290000,8990000,20,'Màn hình: PixelSense, Chip: Intel Pentium Gold, Lưu trữ: 128GB, Hệ điều hành: Windows 10',0,'2023-12-08 22:37:23',5),(629,'Lenovo Tab M10 FHD Plus',6,3890000,4290000,20,'Màn hình: Full HD, Chip: MediaTek Helio P22T, Lưu trữ: 64GB, Hệ điều hành: Android',0,'2023-12-08 22:37:23',5),(630,'Sony WH-1000XM4',7,4599000,4999000,20,'Loại: Over-ear, Kết nối: Bluetooth, Chống ồn: Có, Thời lượng pin: 30 giờ',0,'2023-12-08 22:37:40',5),(631,'AirPods Pro',7,4799000,5499000,20,'Loại: In-ear, Kết nối: Bluetooth, Chống ồn: Có, Thời lượng pin: 24 giờ',0,'2023-12-08 22:37:40',5),(632,'Bose QuietComfort 35 II',7,6299000,6999000,20,'Loại: Over-ear, Kết nối: Bluetooth, Chống ồn: Có, Thời lượng pin: 20 giờ',0,'2023-12-08 22:37:40',5),(633,'JBL Free X',7,1299000,1699000,20,'Loại: True wireless, Kết nối: Bluetooth, Chống ồn: Không, Thời lượng pin: 4 giờ',0,'2023-12-08 22:37:40',5),(634,'SteelSeries Arctis 7',7,2099000,2499000,20,'Loại: Over-ear, Kết nối: Wireless/USB, Chống ồn: Không, Thời lượng pin: 24 giờ',0,'2023-12-08 22:37:40',5),(635,'Sennheiser HD 660 S',7,12990000,13990000,20,'Loại: Over-ear, Kết nối: Wired, Chống ồn: Không, Độ nhạy: 104dB',0,'2023-12-08 22:37:40',5),(636,'Beats Powerbeats Pro',7,3399000,3799000,20,'Loại: True wireless, Kết nối: Bluetooth, Chống ồn: Không, Thời lượng pin: 9 giờ',0,'2023-12-08 22:37:40',5),(637,'HyperX Cloud II',7,1599000,1999000,20,'Loại: Over-ear, Kết nối: USB/3.5mm, Chống ồn: Không, Độ nhạy: 98dB',0,'2023-12-08 22:37:40',5),(638,'Logitech G Pro X Gaming Headset',7,1799000,2199000,20,'Loại: Over-ear, Kết nối: 3.5mm/USB, Chống ồn: Không, Độ nhạy: 91.7dB',0,'2023-12-08 22:37:40',5),(639,'Razer Kraken X',7,899000,1299000,20,'Loại: Over-ear, Kết nối: 3.5mm, Chống ồn: Không, Độ nhạy: 106dB',0,'2023-12-08 22:37:40',5),(640,'Dell UltraSharp U2719D',8,6899000,7599000,20,'Kích thước: 27 inch, Độ phân giải: 2560x1440, Tỉ lệ khung hình: 16:9, Cổng kết nối: HDMI/DisplayPort',0,'2023-12-08 22:37:59',5),(641,'LG 27GL83A-B',8,9999000,10999000,20,'Kích thước: 27 inch, Độ phân giải: 2560x1440, Tỉ lệ khung hình: 16:9, Tần số làm mới: 144Hz',0,'2023-12-08 22:37:59',5),(642,'Samsung Odyssey G7',8,13999000,14999000,20,'Kích thước: 32 inch, Độ phân giải: 2560x1440, Tỉ lệ khung hình: 16:9, Cong: 1000R, Tần số làm mới: 240Hz',0,'2023-12-08 22:37:59',5),(643,'Acer Predator XB271HU',8,12999000,13999000,20,'Kích thước: 27 inch, Độ phân giải: 2560x1440, Tỉ lệ khung hình: 16:9, Tần số làm mới: 144Hz, G-Sync',0,'2023-12-08 22:37:59',5),(644,'ASUS ROG Swift PG279Q',8,14999000,15999000,20,'Kích thước: 27 inch, Độ phân giải: 2560x1440, Tỉ lệ khung hình: 16:9, Tần số làm mới: 165Hz, G-Sync',0,'2023-12-08 22:37:59',5),(645,'Dell S2419HGF',8,4299000,4699000,20,'Kích thước: 24 inch, Độ phân giải: 1920x1080, Tỉ lệ khung hình: 16:9, Tần số làm mới: 144Hz, FreeSync',0,'2023-12-08 22:37:59',5),(646,'BenQ EX2780Q',8,9999000,10999000,20,'Kích thước: 27 inch, Độ phân giải: 2560x1440, Tỉ lệ khung hình: 16:9, Tần số làm mới: 144Hz, HDRi',0,'2023-12-08 22:37:59',5),(647,'ViewSonic XG2402',8,4099000,4499000,20,'Kích thước: 24 inch, Độ phân giải: 1920x1080, Tỉ lệ khung hình: 16:9, Tần số làm mới: 144Hz, FreeSync',0,'2023-12-08 22:37:59',5),(648,'Alienware AW3420DW',8,19999000,20999000,20,'Kích thước: 34 inch, Độ phân giải: 3440x1440, Tỉ lệ khung hình: 21:9, Tần số làm mới: 120Hz, G-Sync',0,'2023-12-09 01:02:45',5),(649,'HP Omen X 25',8,6799000,7499000,20,'Kích thước: 25 inch, Độ phân giải: 1920x1080, Tỉ lệ khung hình: 16:9, Tần số làm mới: 240Hz, G-Sync',0,'2023-12-09 01:02:45',5),(650,'Anker PowerCore 10000',9,199000,299000,20,'Loại: Pin dự phòng, Dung lượng: 10,000mAh, Kết nối: USB-A, Cổng sạc: Micro-USB',0,'2023-12-09 01:04:25',5),(651,'Logitech MX Master 3',9,2599000,2999000,40,'Loại: Chuột không dây, Kết nối: Bluetooth/USB, Số nút: 7, Cảm biến: Darkfield',0,'2023-12-09 01:04:25',5),(652,'PopSockets PopGrip',9,99000,199000,20,'Loại: PopGrip, Chất liệu: Silicone, Màu sắc: Đa dạng, Điều chỉnh góc độ',0,'2023-12-09 01:04:25',5),(653,'UGREEN Cable Organizer',9,39000,59000,35,'Loại: Quản lý dây, Chất liệu: Silicone, Số lượng: 5, Màu sắc: Đa dạng',0,'2023-12-09 01:04:25',5),(654,'AmazonBasics Laptop Stand',9,159000,259000,30,'Loại: Kệ laptop, Chất liệu: Kim loại, Điều chỉnh độ cao, Kích thước: 11 x 13 x 7.2 inch',0,'2023-12-09 01:04:25',5),(655,'UGREEN USB Hub',9,89000,189000,40,'Loại: Hub USB, Cổng: 4, Kết nối: USB 3.0, Tương thích: Windows/Mac/Linux',0,'2023-12-09 01:04:25',5),(656,'Razer Goliathus Extended Chroma',9,499000,699000,30,'Loại: Mousepad, Kích thước: Extended, Đèn nền RGB Chroma, Kết nối: USB',0,'2023-12-08 22:38:19',5),(657,'JBL Clip 3 Portable Speaker',9,699000,1099000,20,'Loại: Loa di động, Công suất: 3.3W, Kết nối: Bluetooth, Thời lượng pin: 10 giờ',0,'2023-12-08 22:38:19',5),(658,'UGREEN Phone Stand',9,109000,129000,20,'Loại: Kệ điện thoại, Chất liệu: Nhựa ABS, Điều chỉnh góc độ, Màu sắc: Trắng',0,'2023-12-08 22:38:19',5),(659,'Belkin Wireless Charger',9,399000,499000,20,'Loại: Sạc không dây, Công suất: 10W, Kết nối: USB-C, Tương thích: Qi-enabled devices',0,'2023-12-08 22:38:19',5),(668,'Dell XPS 13',1,23990000,24990000,15,'Màn hình: 13.4 inch FHD+, Chip Intel Core i5, RAM 8GB, SSD 256GB',1,'2023-12-30 14:01:21',5),(669,'MacBook Air',1,29990000,30990000,15,'Màn hình: 13.3 inch Retina, Chip Apple M1, RAM 8GB, SSD 256GB.',0,'2023-12-30 14:01:21',5),(670,'HP Spectre x360',1,25990000,26990000,15,'Màn hình: 13.3 inch FHD, Chip Intel Core i7, RAM 16GB, SSD 512GB',0,'2023-12-30 14:01:21',5),(671,'Asus ZenBook 14',1,17990000,18990000,15,'Màn hình: 14 inch FHD, Chip Intel Core i5, RAM 8GB, SSD 256GB',0,'2023-12-30 14:01:21',5),(672,'Lenovo ThinkPad X1 Carbon',1,26990000,27990000,15,'Màn hình: 14 inch FHD, Chip Intel Core i7, RAM 16GB, SSD 512GB',0,'2023-12-30 14:01:21',4.5),(673,'Acer Swift 3',1,13990000,14990000,15,'Màn hình: 14 inch FHD, Chip AMD Ryzen 5, RAM 8GB, SSD 256GB',0,'2023-12-30 14:01:21',5),(674,'Microsoft Surface Laptop 4',1,31990000,32990000,15,'Màn hình: 13.5 inch PixelSense, Chip Intel Core i7, RAM 16GB, SSD 512GB',0,'2023-12-30 14:01:21',5),(675,'LG Gram 17',1,36990000,37990000,15,'Màn hình: 17 inch WQXGA, Chip Intel Core i7, RAM 16GB, SSD 1TB',0,'2023-12-30 14:01:21',5),(676,'Razer Blade 15',1,40990000,41990000,15,'Màn hình: 15.6 inch FHD, Chip Intel Core i7, RAM 16GB, SSD 512GB, GPU RTX 3070',0,'2023-12-30 14:01:21',3),(677,'MSI GS66 Stealth',1,34990000,35990000,15,'Màn hình: 15.6 inch FHD, Chip Intel Core i9, RAM 32GB, SSD 1TB, GPU RTX 3080',0,'2023-12-30 14:01:21',5),(679,'Mitchell Admin1',1,70000,100000,15,'string',1,'2023-12-30 14:01:21',0),(681,'Laptop Lenovo LOQ',1,24490000,26490000,15,'Siêu phẩm laptop gaming đến từ nhà Lenovo sở hữu cấu hình khủng với chip Intel i7 Gen 13, card RTX 40 series cùng thiết kế hầm hố đầy cuốn hút. Laptop Lenovo LOQ Gaming 15IRH8 i7 13620H (82XV00QXVN) chắc chắn sẽ là sự lựa chọn không thể tuyệt vời hơn cho anh em game thủ, mang đến những giờ phút giải trí đỉnh cao cũng như đáp ứng đầy đủ mọi nhu cầu sử dụng hàng ngày.',0,'2024-01-06 09:07:30',5),(683,'Macbook Pro M3 14Inch',1,43000000,47000000,5,'MacBook Pro M3 Pro 1 TB thể hiện kiểu dáng quen thuộc qua ngôn ngữ thiết kế đậm chất cao cấp, nay đã được cải tiến với hiệu năng ngoài mong đợi từ con chip Apple M3 Pro, xứng tầm cho mọi doanh nhân và đáp ứng \"cặn kẽ\" mọi yêu cầu cho những nhà sáng tạo nội dung chuyên nghiệp',0,'2024-01-01 16:30:50',0);
/*!40000 ALTER TABLE `item` ENABLE KEYS */;
UNLOCK TABLES;

--
-- Table structure for table `item_cart`
--

DROP TABLE IF EXISTS `item_cart`;
/*!40101 SET @saved_cs_client     = @@character_set_client */;
/*!50503 SET character_set_client = utf8mb4 */;
CREATE TABLE `item_cart` (
  `ID` int NOT NULL AUTO_INCREMENT,
  `USER_ID` int NOT NULL,
  `ITEM_DETAIL_ID` int NOT NULL,
  `QUANTITY` int NOT NULL,
  `IS_DELETE` tinyint NOT NULL DEFAULT (0),
  PRIMARY KEY (`ID`),
  KEY `FK_USER_CART` (`USER_ID`),
  KEY `FK_IDT_CART` (`ITEM_DETAIL_ID`),
  CONSTRAINT `FK_IDT_CART` FOREIGN KEY (`ITEM_DETAIL_ID`) REFERENCES `item_detail` (`ID`),
  CONSTRAINT `FK_USER_CART` FOREIGN KEY (`USER_ID`) REFERENCES `user` (`ID`)
) ENGINE=InnoDB AUTO_INCREMENT=399 DEFAULT CHARSET=utf8mb4 COLLATE=utf8mb4_0900_ai_ci;
/*!40101 SET character_set_client = @saved_cs_client */;

--
-- Dumping data for table `item_cart`
--

LOCK TABLES `item_cart` WRITE;
/*!40000 ALTER TABLE `item_cart` DISABLE KEYS */;
INSERT INTO `item_cart` VALUES (245,80,1435,1,1),(247,80,1436,1,1),(248,80,1436,1,1),(249,80,1435,2,1),(250,80,1435,3,1),(254,80,1444,2,1),(255,80,3372,1,1),(256,80,3346,1,1),(257,80,1444,3,1),(258,80,1442,4,1),(259,80,3372,2,1),(260,80,3378,1,1),(261,80,1443,2,1),(264,80,1442,2,1),(265,80,1444,2,1),(266,80,1444,1,1),(267,80,3392,1,1),(268,80,1443,2,1),(269,80,1438,1,1),(270,55,1444,2,1),(271,80,1406,1,1),(272,80,3385,1,1),(273,80,1426,1,1),(274,80,1438,1,1),(275,55,1443,2,0),(276,80,1430,1,1),(277,80,1404,1,1),(278,80,3392,1,1),(279,80,1438,1,1),(280,80,1438,1,1),(281,80,1439,1,1),(282,80,3348,1,1),(286,80,1438,1,1),(287,80,1423,1,1),(290,80,1424,1,1),(291,80,3347,1,1),(301,80,3406,1,1),(302,80,1414,1,1),(353,128,1440,1,0),(383,109,1363,1,0),(384,109,1363,1,0),(386,133,3333,1,0),(387,134,3333,1,0),(391,135,3333,1,0),(394,18,3333,1,0);
/*!40000 ALTER TABLE `item_cart` ENABLE KEYS */;
UNLOCK TABLES;

--
-- Table structure for table `item_detail`
--

DROP TABLE IF EXISTS `item_detail`;
/*!40101 SET @saved_cs_client     = @@character_set_client */;
/*!50503 SET character_set_client = utf8mb4 */;
CREATE TABLE `item_detail` (
  `ID` int NOT NULL AUTO_INCREMENT,
  `ITEM_ID` int NOT NULL,
  `COLOR_ID` int NOT NULL,
  `AMOUNT` int NOT NULL,
  PRIMARY KEY (`ID`),
  UNIQUE KEY `UNIQUE_ITEMID_COLORID` (`ITEM_ID`,`COLOR_ID`),
  KEY `FK_ITEMDT_COLOR` (`COLOR_ID`),
  CONSTRAINT `FK_ITEMDT_COLOR` FOREIGN KEY (`COLOR_ID`) REFERENCES `color` (`ID`),
  CONSTRAINT `FK_ITEMDT_ITEM` FOREIGN KEY (`ITEM_ID`) REFERENCES `item` (`ID`)
) ENGINE=InnoDB AUTO_INCREMENT=3414 DEFAULT CHARSET=utf8mb4 COLLATE=utf8mb4_0900_ai_ci;
/*!40101 SET character_set_client = @saved_cs_client */;

--
-- Dumping data for table `item_detail`
--

LOCK TABLES `item_detail` WRITE;
/*!40000 ALTER TABLE `item_detail` DISABLE KEYS */;
INSERT INTO `item_detail` VALUES (1355,570,2,24),(1356,571,3,24),(1357,572,2,27),(1358,573,1,21),(1359,574,3,19),(1360,575,3,20),(1361,576,2,21),(1362,577,3,30),(1363,578,1,24),(1364,579,2,11),(1365,590,2,26),(1366,591,3,25),(1367,592,1,24),(1368,593,3,21),(1369,594,2,26),(1370,595,1,22),(1371,596,1,27),(1372,597,2,26),(1373,598,2,26),(1374,599,3,24),(1375,600,2,21),(1376,601,2,22),(1377,602,3,21),(1378,603,1,28),(1379,604,2,25),(1380,605,2,20),(1381,606,1,20),(1382,607,1,20),(1383,608,3,23),(1384,609,2,28),(1385,610,2,23),(1386,611,2,24),(1387,612,3,30),(1388,613,1,27),(1389,614,3,27),(1390,615,1,25),(1391,616,2,24),(1392,617,2,20),(1393,618,1,28),(1394,619,3,30),(1395,620,2,28),(1396,621,3,26),(1397,622,2,20),(1398,623,3,25),(1399,624,2,29),(1400,625,3,28),(1401,626,3,25),(1402,627,3,24),(1403,628,1,25),(1404,629,2,29),(1405,630,2,27),(1406,631,3,24),(1407,632,2,25),(1408,633,2,20),(1409,634,2,20),(1410,635,3,27),(1411,636,3,29),(1412,637,1,25),(1413,638,2,30),(1414,639,1,23),(1415,640,2,21),(1416,641,3,30),(1417,642,1,20),(1418,643,3,20),(1419,644,1,23),(1420,645,1,29),(1421,646,2,28),(1422,647,3,23),(1423,648,1,28),(1424,649,3,23),(1425,650,1,20),(1426,651,3,20),(1427,652,1,24),(1428,653,3,25),(1429,654,3,27),(1430,655,2,21),(1431,656,2,26),(1432,657,1,28),(1433,658,2,26),(1434,659,3,25),(1435,668,1,30),(1436,669,1,17),(1437,670,2,30),(1438,671,1,20),(1439,672,2,18),(1440,673,1,16),(1441,674,3,20),(1442,675,1,20),(1443,676,1,13),(1444,677,1,10),(3330,570,1,27),(3331,571,2,27),(3332,573,2,25),(3333,574,1,20),(3334,575,1,28),(3335,576,1,23),(3336,577,2,19),(3337,578,3,18),(3338,579,1,18),(3339,591,2,20),(3340,594,1,28),(3341,595,2,26),(3342,596,3,29),(3343,597,3,23),(3344,598,1,25),(3345,599,2,27),(3346,601,1,20),(3347,602,2,24),(3348,604,1,28),(3349,605,1,28),(3350,606,2,30),(3351,607,3,21),(3352,608,1,19),(3353,609,1,23),(3354,610,3,24),(3355,611,1,29),(3356,612,1,22),(3357,613,2,29),(3358,615,3,20),(3359,616,1,25),(3360,617,1,27),(3361,618,3,23),(3362,619,1,27),(3363,620,3,28),(3364,621,1,20),(3365,622,3,30),(3366,624,3,23),(3367,626,2,26),(3368,627,1,20),(3369,628,2,24),(3370,629,3,24),(3371,630,1,23),(3372,631,2,15),(3373,632,3,50),(3374,633,1,20),(3375,635,2,30),(3376,638,1,30),(3377,639,2,25),(3378,640,1,22),(3379,641,2,22),(3380,642,3,27),(3381,643,1,30),(3382,644,2,23),(3383,646,1,27),(3384,648,3,23),(3385,651,1,26),(3386,652,2,19),(3387,653,1,29),(3388,654,1,24),(3389,656,1,26),(3390,657,2,27),(3391,668,3,22),(3392,670,1,16),(3393,671,3,23),(3394,674,1,27),(3395,675,2,24),(3405,681,2,10),(3406,681,1,10),(3412,681,3,10),(3413,683,1,9);
/*!40000 ALTER TABLE `item_detail` ENABLE KEYS */;
UNLOCK TABLES;

--
-- Table structure for table `item_group`
--

DROP TABLE IF EXISTS `item_group`;
/*!40101 SET @saved_cs_client     = @@character_set_client */;
/*!50503 SET character_set_client = utf8mb4 */;
CREATE TABLE `item_group` (
  `ID` int NOT NULL AUTO_INCREMENT,
  `NAME` varchar(100) NOT NULL,
  `IS_DELETE` tinyint NOT NULL DEFAULT (0),
  PRIMARY KEY (`ID`)
) ENGINE=InnoDB AUTO_INCREMENT=22 DEFAULT CHARSET=utf8mb4 COLLATE=utf8mb4_0900_ai_ci;
/*!40101 SET character_set_client = @saved_cs_client */;

--
-- Dumping data for table `item_group`
--

LOCK TABLES `item_group` WRITE;
/*!40000 ALTER TABLE `item_group` DISABLE KEYS */;
INSERT INTO `item_group` VALUES (1,'Laptop',0,'http://res.cloudinary.com/dte2ps5qs/image/upload/v1700485365/bqfawjrgzjvol1qmdkvk.png'),(2,'Điện thoại',0,'http://res.cloudinary.com/dte2ps5qs/image/upload/v1700485325/hjyu9zgc7g3bj7akslon.png'),(3,'Đồng hồ thông minh',0,'http://res.cloudinary.com/dte2ps5qs/image/upload/v1700485410/tct3nhtlefcmgmjigcl7.png'),(4,'Bàn phím',0,'http://res.cloudinary.com/dte2ps5qs/image/upload/v1700485430/nlu7ijfgx6kvuumfmct0.png'),(5,'Chuột',0,'http://res.cloudinary.com/dte2ps5qs/image/upload/v1700485449/cqbh1uudfftpn5ocp6p6.png'),(6,'Tablet',0,'http://res.cloudinary.com/dte2ps5qs/image/upload/v1700485478/kxlqmwy4bs4bgf48fziv.png'),(7,'Loa, Tai nghe',0,'http://res.cloudinary.com/dte2ps5qs/image/upload/v1700485511/o5cxn4nrdv0sdgkuhl3i.png'),(8,'Màng hình',0,'http://res.cloudinary.com/dte2ps5qs/image/upload/v1700485529/yo0i0xkrdjnle48v61iz.png'),(9,'Phụ kiện',0,'http://res.cloudinary.com/dte2ps5qs/image/upload/v1700485544/ptxz0otovefg8tmhhx7w.png'),(21,'Mitchell Admin',1,'http://res.cloudinary.com/dte2ps5qs/image/upload/v1700485365/bqfawjrgzjvol1qmdkvk.png');
/*!40000 ALTER TABLE `item_group` ENABLE KEYS */;
UNLOCK TABLES;

--
-- Table structure for table `message`
--

DROP TABLE IF EXISTS `message`;
/*!40101 SET @saved_cs_client     = @@character_set_client */;
/*!50503 SET character_set_client = utf8mb4 */;
CREATE TABLE `message` (
  `ID` int NOT NULL AUTO_INCREMENT,
  `CONTENT_MESS` text NOT NULL,
  `CREATE_AT` datetime NOT NULL DEFAULT CURRENT_TIMESTAMP,
  `SENDER_ID` int NOT NULL,
  `CHAT_ID` int NOT NULL,
  PRIMARY KEY (`ID`),
  KEY `FK_MESS_CHAT` (`CHAT_ID`),
  CONSTRAINT `FK_MESS_CHAT` FOREIGN KEY (`CHAT_ID`) REFERENCES `chat` (`ID`)
) ENGINE=InnoDB AUTO_INCREMENT=27 DEFAULT CHARSET=utf8mb4 COLLATE=utf8mb4_0900_ai_ci;
/*!40101 SET character_set_client = @saved_cs_client */;

--
-- Dumping data for table `message`
--

LOCK TABLES `message` WRITE;
/*!40000 ALTER TABLE `message` DISABLE KEYS */;
INSERT INTO `message` VALUES (1,'a','2023-12-08 16:23:01',80,31),(2,'b','2023-12-08 16:23:01',91,31),(3,'ee','2023-12-08 16:26:21',1,32),(4,'hii','2023-12-08 16:26:22',91,32),(5,'ê admin','2023-12-13 10:18:49',80,31),(6,'gì','2023-12-13 10:18:53',91,31),(7,'nói đi','2023-12-13 10:20:33',80,31),(8,'ê','2023-12-13 10:21:22',80,31),(9,'ê dit','2023-12-13 10:22:21',80,31),(10,'gì mày','2023-12-13 10:22:27',91,31),(11,'thích gì không','2023-12-13 10:22:35',91,31),(12,'thích đấy','2023-12-13 10:22:55',80,31),(13,'thích đầu buồi\n','2023-12-13 10:30:23',91,31),(14,'á địt mẹ','2023-12-13 10:30:30',80,31),(15,'thèn này láo','2023-12-13 10:31:00',91,31),(16,'láo cc','2023-12-13 10:41:15',80,31),(17,'eee','2023-12-13 10:59:19',80,31),(18,'ê','2023-12-13 11:02:37',80,31),(19,'gì mày','2023-12-13 11:02:42',91,31),(20,'eee','2023-12-13 11:34:47',91,31),(21,'ji','2023-12-13 11:35:00',80,31),(22,'ê','2024-01-05 14:33:54',132,34),(23,'a','2024-01-05 14:34:01',91,34),(24,'e','2024-01-05 14:34:10',132,34),(25,'sd','2024-01-05 14:34:15',91,34),(26,'>>>','2024-01-05 14:34:19',132,34);
/*!40000 ALTER TABLE `message` ENABLE KEYS */;
UNLOCK TABLES;

--
-- Table structure for table `order`
--

DROP TABLE IF EXISTS `order`;
/*!40101 SET @saved_cs_client     = @@character_set_client */;
/*!50503 SET character_set_client = utf8mb4 */;
CREATE TABLE `order` (
  `ID` int NOT NULL AUTO_INCREMENT,
  `DELIVERY_ADDRESS` text NOT NULL,
  `TOTAL_FEE` double NOT NULL,
  `DELIVERY_DATE` date NOT NULL,
  `CREATE_AT` datetime NOT NULL DEFAULT CURRENT_TIMESTAMP,
  `CUSTOMER_ID` int NOT NULL,
  `PAYMENT_METHOD_ID` int NOT NULL,
  `MAGIAODICH` text,
  `PHONE` varchar(12) DEFAULT NULL,
  `NAME` varchar(250) DEFAULT NULL,
  `STATUS_PAYMENT` tinyint NOT NULL,
  `VOUCHER_CODE` text,
  `PERCENT_CODE` double DEFAULT '0',
  PRIMARY KEY (`ID`),
  KEY `FK_ORD_USER` (`CUSTOMER_ID`),
  KEY `FK_ORD_PAYMENT_METHOD` (`PAYMENT_METHOD_ID`),
  CONSTRAINT `FK_ORD_PAYMENT_METHOD` FOREIGN KEY (`PAYMENT_METHOD_ID`) REFERENCES `payment_method` (`ID`),
  CONSTRAINT `FK_ORD_USER` FOREIGN KEY (`CUSTOMER_ID`) REFERENCES `user` (`ID`)
) ENGINE=InnoDB AUTO_INCREMENT=334 DEFAULT CHARSET=utf8mb4 COLLATE=utf8mb4_0900_ai_ci;
/*!40101 SET character_set_client = @saved_cs_client */;

--
-- Dumping data for table `order`
--

LOCK TABLES `order` WRITE;
/*!40000 ALTER TABLE `order` DISABLE KEYS */;
INSERT INTO `order` VALUES (205,'098 Ton Duc Thang',22417000,'2023-12-11','2023-12-09 04:26:08',18,3,'14229951','09893840384','Huy ProV',1,NULL,0),(206,'098 Ton Duc Thang',25808400,'2023-12-11','2023-12-09 04:31:05',18,3,'14229954','09893840384','Huy ProV',1,NULL,0),(207,'090 Ton Duc Thang',25000,'2023-12-09','2023-12-09 06:27:41',80,2,'14230023','09893840389','nguyen Vu',1,NULL,0),(208,'090 Ton Duc Thang',4424200,'2023-12-11','2023-12-09 06:30:03',80,3,'14230025','09893840389','Vu nguyen',1,NULL,0),(209,'090 Ton Duc Thang',25000,'2023-12-09','2023-12-09 06:36:43',80,2,'14230030','09893840389','nguyen Vu',1,NULL,0),(210,'090 Ton Duc Thang',2824200,'2023-12-09','2023-12-09 06:44:31',80,2,'14230034','09893840389','nguyen Vu',1,NULL,0),(211,'090 Ton Duc Thang',2824200,'2023-12-09','2023-12-09 06:46:31',80,2,'14230037','09893840389','nguyen Vu',1,NULL,0),(212,'090 Ton Duc Thang',2824200,'2023-12-09','2023-12-09 06:48:07',80,2,'14230038','09893840389','nguyen Vu',1,NULL,0),(213,'090 Ton Duc Thang',121593000,'2023-12-09','2023-12-09 12:14:21',80,2,'14230532','09893840389','nguyen Vu',1,NULL,0),(215,'090 Ton Duc Thang',8823400,'2023-12-09','2023-12-09 12:33:30',80,2,'14230571','09893840389','nguyen Vu',1,NULL,0),(219,'090 Ton Duc Thang',86401000,'2023-12-11','2023-12-09 13:02:39',80,2,'PAYID-MV2AFNA2YK35068673993155','09893840389','Vu nguyen',1,NULL,0),(220,'090 Ton Duc Thang',6104200,'2023-12-09','2023-12-09 13:15:56',80,2,'14230647','09893840389','nguyen Vu',1,NULL,0),(223,'090 Ton Duc Thang',21617000,'2023-12-11','2023-12-09 14:19:26',80,1,NULL,'09893840389','Vu nguyen',0,NULL,0),(224,'090 Ton Duc Thang',57609000,'2023-12-11','2023-12-09 14:21:45',80,1,NULL,'09893840389','Vu nguyen',0,NULL,0),(225,'090 Ton Duc Thang',28817000,'2023-12-11','2023-12-09 14:28:51',80,1,NULL,'09893840389','Vu nguyen',0,NULL,0),(226,'090 Ton Duc Thang',67209000,'2023-12-11','2023-12-09 14:32:51',80,1,NULL,'09893840389','Vu nguyen',0,NULL,0),(227,'090 Ton Duc Thang',15217000,'2023-12-11','2023-12-09 14:36:41',80,1,NULL,'09893840389','Vu nguyen',0,NULL,0),(228,'090 Ton Duc Thang',57609000,'2023-12-09','2023-12-09 14:41:11',55,2,'14230795','0384535073','nguyen Vu',1,NULL,0),(229,'090 Ton Duc Thang',4424200,'2023-12-11','2023-12-09 14:43:13',80,1,NULL,'09893840389','Vu nguyen',0,NULL,0),(230,'090 Ton Duc Thang',1824400,'2023-12-11','2023-12-09 14:44:26',80,1,NULL,'09893840389','Vu nguyen',0,NULL,0),(231,'090 Ton Duc Thang',1824400,'2023-12-11','2023-12-09 14:47:55',80,1,NULL,'09893840389','Vu nguyen',0,NULL,0),(232,'090 Ton Duc Thang',15217000,'2023-12-11','2023-12-09 14:52:58',80,2,'PAYID-MV2BYAI2F124034GE495233F','09893840389','Vu nguyen',1,NULL,0),(233,'090 Ton Duc Thang',138400,'2023-12-11','2023-12-09 15:01:13',80,1,NULL,'09893840389','Vu nguyen',0,NULL,0),(234,'090 Ton Duc Thang',3457000,'2023-12-11','2023-12-09 15:04:47',80,1,NULL,'09893840389','Vu nguyen',0,NULL,0),(235,'090 Ton Duc Thang',21617000,'2023-12-11','2023-12-09 15:09:48',80,1,NULL,'09893840389','Vu nguyen',0,NULL,0),(236,'090 Ton Duc Thang',15217000,'2023-12-11','2023-12-09 15:11:22',80,2,'PAYID-MV2CCDY8KE39473VV966060C','09893840389','Vu nguyen',1,NULL,0),(237,'090 Ton Duc Thang',15217000,'2023-12-11','2023-12-09 15:21:55',80,1,NULL,'09893840389','Vu nguyen',0,NULL,0),(238,'090 Ton Duc Thang',22417000,'2023-12-11','2023-12-09 15:22:32',80,1,NULL,'09893840389','Vu nguyen',0,NULL,0),(239,'090 Ton Duc Thang',1144200,'2023-12-11','2023-12-09 15:24:49',80,1,NULL,'09893840389','Vu nguyen',0,NULL,0),(240,'tamky, quang nam, viet nam',57609000,'2023-12-09','2023-12-09 15:48:11',109,2,'PAYID-MV2CTOY12M54013DL5482255','0384535073','nguyen Vu',1,NULL,0),(241,'tamky, quang nam, viet nam',98686500,'2023-12-09','2023-12-09 15:50:39',109,2,'PAYID-MV2CUTQ2V1072698E059320K','0384535073','nguyen Vu',1,NULL,0),(242,'090 Ton Duc Thang',15217000,'2023-12-11','2023-12-09 16:05:54',80,2,'PAYID-MV2C3TA0UX26162VS857444K','09893840389','Vu nguyen',1,NULL,0),(243,'090 Ton Duc Thang',16824200,'2023-12-11','2023-12-09 16:07:03',80,2,'PAYID-MV2C4KI4KL27291CL190684N','09893840389','Vu nguyen',1,NULL,0),(249,'090 Ton Duc Thang',6024200,'2023-12-11','2023-12-09 16:38:21',80,1,NULL,'09893840389','Vu nguyen',0,NULL,0),(250,'tamky, quang nam, viet nam',100801000,'2023-12-09','2023-12-09 16:38:39',109,1,'','0384535073','nguyen Vu',0,NULL,0),(251,'090 Ton Duc Thang',2344200,'2023-12-11','2023-12-09 16:39:26',80,1,NULL,'09893840389','Vu nguyen',0,NULL,0),(252,'tamky, quang nam, viet nam',43209000,'2023-12-09','2023-12-09 17:02:49',109,1,'','0384535073','nguyen Vu',0,NULL,0),(253,'Đà Nẵng',4424200,'2023-12-09','2023-12-09 18:32:22',109,1,'','0982382323','Hoàng Vũ',0,NULL,0),(254,'098 Ton Duc Thang',5303400,'2023-12-11','2023-12-09 19:02:54',18,3,'14231414','09893840384','Huy Pham',1,NULL,0),(255,'098 Ton Duc Thang',30417000,'2023-12-11','2023-12-09 19:05:17',18,3,'14231421','09893840384','Huy Pham',1,NULL,0),(256,'098 Ton Duc Thang',15217000,'2023-12-11','2023-12-09 12:05:51',18,1,NULL,'09893840384','Huy Pham',0,NULL,0),(257,'Đà Nẵng',12017000,'2023-12-09','2023-12-09 19:14:38',109,2,'14231433','0982382323','Hoàng Vũ',1,NULL,0),(258,'098 Ton Duc Thang',15217000,'2023-12-22','2023-12-20 09:52:54',18,1,NULL,'09893840384','Huy H Pham',0,NULL,0),(259,'098 Ton Duc Thang',15217000,'2023-12-22','2023-12-20 09:56:42',18,1,NULL,'09893840384','Huy H Pham',0,NULL,0),(260,'098 Ton Duc Thang',2977000,'2023-12-22','2023-12-20 10:24:07',18,1,NULL,'09893840384','Huy H Pham',0,NULL,0),(261,'151/28 Âu cơ,Hòa Khánh Bắc,Liên Chiểu',25000,'2023-12-22','2023-12-20 17:43:02',80,1,NULL,'0935310446','Đức Nguyễn',0,NULL,0),(262,'151/28 Âu cơ,Hòa Khánh Bắc,Liên Chiểu',1064200,'2023-12-22','2023-12-20 17:46:02',80,1,NULL,'0935310446','Đức Nguyễn',0,NULL,0),(263,'Đà Nẵng',28817000,'2023-12-27','2023-12-27 20:29:15',109,1,'','0982382323','Hoàng Vũ',0,NULL,0),(264,'Đà Nẵng',57609000,'2023-12-29','2023-12-27 20:42:44',109,1,NULL,'0982382323','Vũ Hoàng',0,NULL,0),(265,'Đà Nẵng',3623800,'2023-12-28','2023-12-28 11:14:06',109,1,'','0982382323','Hoàng Vũ',0,NULL,0),(266,'098 Ton Duc Thang',1384200,'2023-12-30','2023-12-28 17:20:24',18,1,NULL,'09893840384','Huy Ho Pham',0,NULL,0),(267,'Đà Nẵng',19566500,'2024-01-01','2024-01-01 17:59:33',109,1,'','0982382323','Hoàng Vũ',0,NULL,0),(268,'Đà Nẵng',35716500,'2024-01-03','2024-01-01 19:53:53',109,1,NULL,'0982382323','Vũ Hoàng',0,NULL,0),(270,'Đà Nẵng,   2',11916500,'2024-01-02','2024-01-02 01:33:29',109,1,'','098232323','Hoàng Vũ',0,NULL,0),(271,'Đà Nẵng,   2',19566500,'2024-01-02','2024-01-02 01:35:39',109,1,'','098232323','Hoàng Vũ',0,NULL,0),(272,'Đà Nẵng,',39108000,'2024-01-03','2024-01-03 13:27:02',109,1,'','098232323','Hoàng Vũ',0,NULL,0),(273,'090 Ton Duc Thang',8695000,'2023-12-09','2024-01-03 14:05:11',80,3,'14268555','09893840389','nguyen Vu',1,NULL,0),(274,'090 Ton Duc Thang',8695000,'2023-12-09','2024-01-03 14:11:20',80,3,'PAYID-MWKQQZQ2VT17632AF510420S','09893840389','nguyen Vu',1,NULL,0),(275,'Đà Nẵng,',11916500,'2024-01-03','2024-01-03 14:22:01',109,2,'PAYID-MWKQV2I93F61026YU2385145','098232323','Hoàng Vũ',1,NULL,0),(276,'Đà Nẵng,',14466500,'2024-01-03','2024-01-03 14:29:50',109,2,'PAYID-MWKQZRY1UM71018W54823403','098232323','Hoàng Vũ',1,NULL,0),(277,'Đà Nẵng,',21429700,'2024-01-03','2024-01-03 14:43:23',109,1,'','098232323','Hoàng Vũ',0,NULL,0),(279,'090 Ton Duc Thang',8695000,'2023-12-09','2024-01-03 20:09:10',80,3,'PAYID-MWKVYWQ4GN09766Y8597112X','09893840389','nguyen Vu',1,'JHADHHD',28),(280,'090 Ton Duc Thang',8695000,'2023-12-09','2024-01-03 23:00:54',80,3,'PAYID-MWKYJIY6SH39021P54302125','09893840389','nguyen Vu',1,NULL,0),(281,'090 Ton Duc Thang',8695000,'2023-12-09','2024-01-03 23:02:29',80,3,'PAYID-MWKYKCY13J09336824537139','09893840389','nguyen Vu',1,NULL,NULL),(282,'090 Ton Duc Thang',8695000,'2023-12-09','2024-01-03 23:07:01',80,3,'PAYID-MWKYMFA6LJ23176YV541852J','09893840389','nguyen Vu',1,NULL,NULL),(283,'090 Ton Duc Thang',8695000,'2023-12-09','2024-01-03 23:07:01',80,3,'PAYID-MWKYMFA6LJ23176YV541852J','09893840389','nguyen Vu',1,NULL,NULL),(284,'090 Ton Duc Thang',8695000,'2023-12-09','2024-01-03 23:31:23',80,3,'PAYID-MWKYXQQ3AF64658SH256415C','09893840389','nguyen Vu',1,NULL,NULL),(285,'Đà Nẵng,',11916500,'2024-01-04','2024-01-04 01:28:26',109,2,'PAYID-MWK2ONA2PJ05043T3466105J','098232323','Hoàng Vũ',1,NULL,0),(286,'Đà Nẵng,',11916500,'2024-01-04','2024-01-04 01:29:58',109,2,'PAYID-MWK2PHA40600168FH247843H','098232323','Hoàng Vũ',1,NULL,0),(287,'Đà Nẵng,',11916500,'2024-01-04','2024-01-04 01:31:18',109,2,'PAYID-MWK2PWQ5YX37082TV657220E','098232323','Hoàng Vũ',1,NULL,0),(288,'Đà Nẵng,',11916500,'2024-01-04','2024-01-04 01:35:21',109,2,'PAYID-MWK2RYA7U308144EB172214D','098232323','Hoàng Vũ',1,NULL,0),(289,'Đà Nẵng,',11916500,'2024-01-04','2024-01-04 01:38:13',109,2,'PAYID-MWK2TDA2SB625106M998900F','098232323','Hoàng Vũ',1,NULL,0),(290,'Đà Nẵng,',11916500,'2024-01-04','2024-01-04 01:42:30',109,2,'PAYID-MWK2VCA7BB90680EY673602S','098232323','Hoàng Vũ',1,NULL,0),(291,'Đà Nẵng,',11916500,'2024-01-04','2024-01-04 01:47:24',109,2,'PAYID-MWK2WSI1SU015307S386940K','098232323','Hoàng Vũ',1,NULL,0),(292,'Đà Nẵng,',11916500,'2024-01-04','2024-01-04 01:49:58',109,2,'PAYID-MWK2YTQ92B136278U794052Y','098232323','Hoàng Vũ',1,NULL,0),(293,'Đà Nẵng,',11916500,'2024-01-04','2024-01-04 01:56:24',109,2,'PAYID-MWK23UA04J64501VT078564L','098232323','Hoàng Vũ',1,NULL,0),(294,'Đà Nẵng,',11916500,'2024-01-04','2024-01-04 02:04:23',109,2,'PAYID-MWK27LI23463693GF503851C','098232323','Hoàng Vũ',1,NULL,0),(295,'Đà Nẵng,',11916500,'2024-01-04','2024-01-04 02:05:58',109,2,'PAYID-MWK27WY6XS43430YF766973Y','098232323','Hoàng Vũ',1,NULL,0),(296,'Đà Nẵng,',11916500,'2024-01-04','2024-01-04 02:10:13',109,2,'PAYID-MWK3B6Y89L612250E188440F','098232323','Hoàng Vũ',1,NULL,0),(297,'Đà Nẵng,',23808000,'2024-01-04','2024-01-04 02:49:29',109,2,'PAYID-MWK3ULQ7E054478EF805131A','098232323','Hoàng Vũ',1,NULL,0),(298,'Đà Nẵng,',23808000,'2024-01-04','2024-01-04 02:52:12',109,2,'PAYID-MWK3VZA48V669812R5103028','098232323','Hoàng Vũ',1,NULL,0),(299,'Đà Nẵng,',23808000,'2024-01-04','2024-01-04 02:53:16',109,2,'PAYID-MWK3WJA7A325789D90496829','098232323','Hoàng Vũ',1,NULL,0),(300,'Đà Nẵng,',23808000,'2024-01-04','2024-01-04 02:56:31',109,2,'PAYID-MWK3XXI8VP69076DK309473M','098232323','Hoàng Vũ',1,NULL,0),(301,'Đà Nẵng,',23808000,'2024-01-04','2024-01-04 03:01:51',109,2,'PAYID-MWK32HQ59M39028F07571201','098232323','Hoàng Vũ',1,NULL,0),(302,'Đà Nẵng,',23808000,'2024-01-04','2024-01-04 03:05:53',109,2,'PAYID-MWK33FQ5UK44065FK7084808','098232323','Hoàng Vũ',1,NULL,0),(303,'Đà Nẵng,',23808000,'2024-01-04','2024-01-04 03:08:45',109,2,'PAYID-MWK35RI0JX12854857330545','098232323','Hoàng Vũ',1,NULL,0),(304,'090 Ton Duc Thang',8695000,'2023-12-09','2024-01-04 09:21:07',80,3,'PAYID-MWLBLUY0SP9706883992863D','09893840389','nguyen Vu',1,NULL,0),(305,'098 Ton Duc Thang',264200,'2024-01-06','2024-01-05 02:58:24',18,3,'14271270','09893840384','Huynhs Pham',1,'202ADSD4',10),(306,'098 Ton Duc Thang',11224200,'2024-01-06','2024-01-04 20:13:59',18,1,NULL,'09893840384','Huynhs Pham',0,NULL,0),(307,'098 Ton Duc Thang',12824200,'2024-01-06','2024-01-04 20:20:45',18,1,NULL,'09893840384','Huynhs Pham',0,NULL,0),(308,'098 Ton Duc Thang',63350,'2024-01-06','2024-01-04 20:22:16',18,1,NULL,'09893840384','Huynhs Pham',0,NULL,0),(309,'098 Ton Duc Thang',206300,'2024-01-06','2024-01-04 20:29:32',18,1,NULL,'09893840384','Huynhs Pham',0,NULL,0),(310,'090 Ton Duc Thang',8695000,'2023-12-09','2024-01-05 09:17:08',80,3,'PAYID-MWLWM4A3XW25691YM3685245','09893840389','nguyen Vu',1,NULL,0),(311,'Đà Nẵng,',26366500,'2024-01-05','2024-01-05 13:34:09',109,2,'PAYID-MWL2EYQ2A0455779J9876304','098232323','Hoàng Vũ',1,NULL,0),(312,'Đà Nẵng,',11916500,'2024-01-05','2024-01-05 13:44:56',109,2,'14271798','098232323','Hoàng Vũ',1,NULL,0),(313,'Đà Nẵng,',19566500,'2024-01-05','2024-01-05 13:47:09',109,2,'14271805','098232323','Hoàng Vũ',1,NULL,0),(314,'Đà Nẵng,',19566500,'2024-01-05','2024-01-05 13:48:50',109,1,'','098232323','Hoàng Vũ',0,NULL,0),(315,'Đà Nẵng,',19566500,'2024-01-05','2024-01-05 13:49:15',109,2,'14271806','098232323','Hoàng Vũ',1,NULL,0),(316,'Đà Nẵng,',16635275,'2024-01-05','2024-01-05 15:29:38',109,2,'PAYID-MWL33VA1CR46037LK127084E','098232323','Hoàng Vũ',1,'TET2024',15),(317,'090 Ton Duc Thang',11916500,'2024-01-05','2024-01-05 22:23:54',133,1,'','0384535073','nguyen Vu',0,NULL,0),(318,'098 Ton Duc Thang',904200,'2024-01-05','2024-01-05 22:26:54',18,1,'','09893840384','Pham Huynhs',0,NULL,0),(319,'090 Ton Duc Thang',11916500,'2024-01-05','2024-01-05 22:28:58',134,1,'','123','nguyen Vu',0,NULL,0),(320,'090 Ton Duc Thang',11916500,'2024-01-05','2024-01-05 22:35:17',135,1,'','123','nguyen Vu',0,NULL,0),(321,'090 Ton Duc Thang',26366500,'2024-01-05','2024-01-05 22:58:39',135,1,'','123','nguyen Vu',0,NULL,0),(322,'090 Ton Duc Thang',26366500,'2024-01-05','2024-01-05 22:59:46',135,1,'','123','nguyen Vu',0,NULL,0),(323,'090 Ton Duc Thang',26366500,'2024-01-05','2024-01-05 23:02:50',135,1,'','123','nguyen Vu',0,NULL,0),(324,'151/28 Âu cơ,Hòa Khánh Bắc,Liên Chiểu',23816500,'2024-01-07','2024-01-05 23:31:05',80,1,NULL,'0935310446','Đức Nguyễn',0,NULL,0),(325,'098 Ton Duc Thang',12824200,'2024-01-06','2024-01-06 00:42:17',18,2,'PAYID-MWMD6TQ70W78071JX953370T','09893840384','Pham Huynhs',1,NULL,0),(326,'151/28 Âu cơ,Hòa Khánh Bắc,Liên Chiểu',12766500,'2024-01-08','2024-01-06 01:53:52',80,1,NULL,'0935310446','Đức Nguyễn',0,NULL,0),(327,'151/28 Âu cơ,Hòa Khánh Bắc,Liên Chiểu',1064200,'2024-01-08','2024-01-06 02:16:16',80,2,'PAYID-MWMFKWI0YA03377K8411632R','0935310446','Đức Nguyễn',1,'TET2024',15),(328,'098 Ton Duc Thang',63350,'2024-01-08','2024-01-06 08:54:14',18,1,NULL,'09893840384','Huynhs Pham',0,NULL,0),(329,'098 Ton Duc Thang',138400,'2024-01-08','2024-01-06 08:55:16',18,3,'14272865','09893840384','Huynhs Pham',1,NULL,0),(330,'098 Ton Duc Thang',184200,'2024-01-08','2024-01-06 09:00:10',18,2,'PAYID-MWMLIHI3FE43932L3726635S','09893840384','Huynhs Pham',1,NULL,0),(331,'098 Ton Duc Thang',184200,'2024-01-08','2024-01-06 09:00:10',18,2,'PAYID-MWMLIHI3FE43932L3726635S','09893840384','Huynhs Pham',1,NULL,0),(332,'151/28 Âu cơ,Hòa Khánh Bắc,Liên Chiểu',1624200,'2024-01-08','2024-01-06 09:00:10',80,2,'PAYID-MWMLIHI3FE43932L3726635S','0935310446','Đức Nguyễn',1,NULL,0),(333,'151/28 Âu cơ,Hòa Khánh Bắc,Liên Chiểu',1624200,'2024-01-08','2024-01-06 10:11:42',80,2,'PAYID-MWMMJGY90082507TF6130821','0935310446','Đức Nguyễn',1,NULL,0);
/*!40000 ALTER TABLE `order` ENABLE KEYS */;
UNLOCK TABLES;

--
-- Table structure for table `order_delivery_status_detail`
--

DROP TABLE IF EXISTS `order_delivery_status_detail`;
/*!40101 SET @saved_cs_client     = @@character_set_client */;
/*!50503 SET character_set_client = utf8mb4 */;
CREATE TABLE `order_delivery_status_detail` (
  `ID` int NOT NULL AUTO_INCREMENT,
  `DELIVERY_STATUS_ID` int NOT NULL,
  `ORDER_ID` int NOT NULL,
  `LAST_UPDATE_AT` datetime NOT NULL DEFAULT CURRENT_TIMESTAMP,
  `DESC` text,
  PRIMARY KEY (`ID`),
  UNIQUE KEY `UNIQUE_ODSD` (`DELIVERY_STATUS_ID`,`ORDER_ID`),
  KEY `FK_ODSD_ORDER` (`ORDER_ID`),
  CONSTRAINT `FK_ODSD_DELVERY` FOREIGN KEY (`DELIVERY_STATUS_ID`) REFERENCES `delivery_status` (`ID`),
  CONSTRAINT `FK_ODSD_ORDER` FOREIGN KEY (`ORDER_ID`) REFERENCES `order` (`ID`)
) ENGINE=InnoDB AUTO_INCREMENT=231 DEFAULT CHARSET=utf8mb4 COLLATE=utf8mb4_0900_ai_ci;
/*!40101 SET character_set_client = @saved_cs_client */;

--
-- Dumping data for table `order_delivery_status_detail`
--

LOCK TABLES `order_delivery_status_detail` WRITE;
/*!40000 ALTER TABLE `order_delivery_status_detail` DISABLE KEYS */;
INSERT INTO `order_delivery_status_detail` VALUES (115,3,205,'2023-12-09 04:26:08','PROCESSING'),(116,2,206,'2023-12-09 17:31:05','aaaaaaaaaaa'),(117,1,207,'2023-12-09 06:27:41','PROCESSING'),(118,1,208,'2023-12-09 06:30:03','PROCESSING'),(119,1,209,'2023-12-09 06:36:43','PROCESSING'),(120,2,210,'2023-12-09 06:44:31','PROCESSING'),(121,1,211,'2023-12-09 06:46:31','PROCESSING'),(122,1,212,'2023-12-09 06:48:07','PROCESSING'),(123,1,213,'2023-12-09 12:14:21','PROCESSING'),(124,1,215,'2023-12-09 12:33:30','PROCESSING'),(125,2,219,'2023-12-09 13:02:39','PROCESSING'),(126,1,220,'2023-12-09 13:15:56','PROCESSING'),(127,1,223,'2023-12-09 14:19:26','PROCESSING'),(128,2,224,'2023-12-09 14:21:45','PROCESSING'),(129,3,225,'2023-12-09 14:28:51','PROCESSING'),(130,1,226,'2023-12-09 14:32:51','PROCESSING'),(131,1,227,'2023-12-09 14:36:41','PROCESSING'),(132,1,228,'2023-12-09 14:41:11','PROCESSING'),(133,3,229,'2023-12-09 14:43:13','PROCESSING'),(134,2,230,'2023-12-09 14:44:26','PROCESSING'),(135,1,231,'2023-12-09 14:47:55','PROCESSING'),(136,2,232,'2023-12-09 14:52:58','PROCESSING'),(137,1,233,'2023-12-09 15:01:13','PROCESSING'),(138,1,234,'2023-12-09 15:04:47','PROCESSING'),(139,2,235,'2023-12-09 15:09:48','PROCESSING'),(140,1,236,'2023-12-09 15:11:22','PROCESSING'),(141,3,237,'2023-12-09 15:21:55','PROCESSING'),(142,3,238,'2023-12-09 15:22:32','PROCESSING'),(143,1,239,'2023-12-09 15:24:49','PROCESSING'),(144,1,240,'2023-12-09 15:48:11','PROCESSING'),(145,1,241,'2023-12-09 15:50:39','PROCESSING'),(146,1,242,'2023-12-09 16:05:54','PROCESSING'),(147,2,243,'2023-12-09 16:07:03','PROCESSING'),(148,3,249,'2023-12-09 16:38:21','PROCESSING'),(149,1,250,'2023-12-09 16:38:39','PROCESSING'),(150,3,251,'2023-12-09 16:39:26','PROCESSING'),(151,1,252,'2023-12-09 17:02:49','PROCESSING'),(152,1,253,'2023-12-09 18:32:22','PROCESSING'),(153,1,254,'2023-12-09 19:02:54','PROCESSING'),(154,1,255,'2023-12-09 19:05:17','PROCESSING'),(155,2,256,'2023-12-09 12:05:51','PROCESSING'),(156,1,257,'2023-12-09 19:14:38','PROCESSING'),(157,2,258,'2023-12-20 09:52:54','PROCESSING'),(158,1,259,'2023-12-20 09:56:42','PROCESSING'),(159,3,260,'2023-12-20 10:24:07','PROCESSING'),(160,1,261,'2023-12-20 17:43:02','PROCESSING'),(161,1,262,'2023-12-20 17:46:02','PROCESSING'),(162,1,263,'2023-12-27 20:29:15','PROCESSING'),(163,1,264,'2023-12-27 20:42:44','PROCESSING'),(164,1,265,'2023-12-28 11:14:06','PROCESSING'),(165,1,266,'2023-12-28 17:20:24','PROCESSING'),(166,1,267,'2024-01-01 17:59:33','PROCESSING'),(167,1,268,'2024-01-01 19:53:53','PROCESSING'),(168,1,270,'2024-01-02 01:33:29','PROCESSING'),(169,1,271,'2024-01-02 01:35:39','PROCESSING'),(170,1,272,'2024-01-03 13:27:02','PROCESSING'),(171,2,273,'2024-01-03 14:05:11','PROCESSING'),(172,1,274,'2024-01-03 14:11:20','PROCESSING'),(173,1,275,'2024-01-03 14:22:01','PROCESSING'),(174,1,276,'2024-01-03 14:29:50','PROCESSING'),(175,1,277,'2024-01-03 14:43:23','PROCESSING'),(176,1,279,'2024-01-03 20:09:10','PROCESSING'),(177,1,280,'2024-01-03 23:00:54','PROCESSING'),(178,1,281,'2024-01-03 23:02:29','PROCESSING'),(179,2,282,'2024-01-03 23:07:01','PROCESSING'),(180,1,283,'2024-01-03 23:07:01','PROCESSING'),(181,1,284,'2024-01-03 23:31:23','PROCESSING'),(182,1,285,'2024-01-04 01:28:26','PROCESSING'),(183,1,286,'2024-01-04 01:29:58','PROCESSING'),(184,1,287,'2024-01-04 01:31:18','PROCESSING'),(185,1,288,'2024-01-04 01:35:21','PROCESSING'),(186,1,289,'2024-01-04 01:38:13','PROCESSING'),(187,1,290,'2024-01-04 01:42:30','PROCESSING'),(188,1,291,'2024-01-04 01:47:24','PROCESSING'),(189,1,292,'2024-01-04 01:49:58','PROCESSING'),(190,1,293,'2024-01-04 01:56:24','PROCESSING'),(191,2,294,'2024-01-04 02:04:23','PROCESSING'),(192,1,295,'2024-01-04 02:05:58','PROCESSING'),(193,3,296,'2024-01-04 02:10:13','PROCESSING'),(194,1,297,'2024-01-04 02:49:29','PROCESSING'),(195,1,298,'2024-01-04 02:52:12','PROCESSING'),(196,1,299,'2024-01-04 02:53:16','PROCESSING'),(197,2,300,'2024-01-04 02:56:31','PROCESSING'),(198,1,301,'2024-01-04 03:01:51','PROCESSING'),(199,1,302,'2024-01-04 03:05:53','PROCESSING'),(200,1,303,'2024-01-04 03:08:45','PROCESSING'),(201,1,304,'2024-01-04 09:21:07','PROCESSING'),(202,1,305,'2024-01-05 02:58:24','PROCESSING'),(203,2,306,'2024-01-04 20:13:59','PROCESSING'),(204,2,307,'2024-01-04 20:20:45','PROCESSING'),(205,1,308,'2024-01-04 20:22:16','PROCESSING'),(206,1,309,'2024-01-04 20:29:32','PROCESSING'),(207,3,310,'2024-01-05 09:17:08','PROCESSING'),(208,1,311,'2024-01-05 13:34:09','PROCESSING'),(209,1,312,'2024-01-05 13:44:56','PROCESSING'),(210,3,313,'2024-01-05 13:47:09','PROCESSING'),(211,3,314,'2024-01-05 13:48:50','PROCESSING'),(212,2,315,'2024-01-05 13:49:15','PROCESSING'),(213,1,316,'2024-01-05 15:29:38','PROCESSING'),(214,1,317,'2024-01-05 22:23:54','PROCESSING'),(215,1,318,'2024-01-05 22:26:54','PROCESSING'),(216,1,319,'2024-01-05 22:28:58','PROCESSING'),(217,1,320,'2024-01-05 22:35:17','PROCESSING'),(218,1,321,'2024-01-05 22:58:39','PROCESSING'),(219,1,322,'2024-01-05 22:59:46','PROCESSING'),(220,1,323,'2024-01-05 23:02:50','PROCESSING'),(221,1,324,'2024-01-05 23:31:05','PROCESSING'),(222,1,325,'2024-01-06 00:42:17','PROCESSING'),(223,1,326,'2024-01-06 01:53:52','PROCESSING'),(224,1,327,'2024-01-06 02:16:16','PROCESSING'),(225,1,328,'2024-01-06 08:54:14','PROCESSING'),(226,1,329,'2024-01-06 08:55:16','PROCESSING'),(227,1,330,'2024-01-06 09:00:10','PROCESSING'),(228,1,331,'2024-01-06 09:00:10','PROCESSING'),(229,1,332,'2024-01-06 09:00:10','PROCESSING'),(230,1,333,'2024-01-06 10:11:42','PROCESSING');
/*!40000 ALTER TABLE `order_delivery_status_detail` ENABLE KEYS */;
UNLOCK TABLES;

--
-- Table structure for table `order_detail`
--

DROP TABLE IF EXISTS `order_detail`;
/*!40101 SET @saved_cs_client     = @@character_set_client */;
/*!50503 SET character_set_client = utf8mb4 */;
CREATE TABLE `order_detail` (
  `ID` int NOT NULL AUTO_INCREMENT,
  `ORDER_ID` int NOT NULL,
  `ITEM_DETAIL_ID` int NOT NULL,
  `AMOUNT` int NOT NULL,
  `NOTE` text,
  `PRICE_ATT` double DEFAULT '0',
  PRIMARY KEY (`ID`),
  UNIQUE KEY `UNIQUE_ORDER_DETAIL` (`ORDER_ID`,`ITEM_DETAIL_ID`),
  KEY `FK_ORD_ITEM_DETAIL` (`ITEM_DETAIL_ID`),
  CONSTRAINT `FK_ODT_ORDER` FOREIGN KEY (`ORDER_ID`) REFERENCES `order` (`ID`),
  CONSTRAINT `FK_ORD_ITEM_DETAIL` FOREIGN KEY (`ITEM_DETAIL_ID`) REFERENCES `item_detail` (`ID`)
) ENGINE=InnoDB AUTO_INCREMENT=383 DEFAULT CHARSET=utf8mb4 COLLATE=utf8mb4_0900_ai_ci;
/*!40101 SET character_set_client = @saved_cs_client */;

--
-- Dumping data for table `order_detail`
--

LOCK TABLES `order_detail` WRITE;
/*!40000 ALTER TABLE `order_detail` DISABLE KEYS */;
INSERT INTO `order_detail` VALUES (231,205,1439,1,'',0),(232,206,1440,2,'',0),(233,206,1426,1,'',0),(234,207,3346,1,'string',0),(235,208,3372,1,'',0),(236,209,3346,1,'string',0),(237,210,3346,1,'string',0),(238,211,3346,1,'string',0),(239,212,3346,1,'string',0),(240,213,1442,4,'string',0),(244,215,3372,2,'string',0),(254,219,1444,3,'',0),(255,220,3378,1,'string',0),(260,223,3392,1,'',0),(261,224,1444,2,'',0),(262,225,1444,1,'',0),(263,226,1443,2,'',0),(264,227,1438,1,'',0),(265,228,1444,2,'string',0),(266,229,1406,1,'',0),(267,230,3385,1,'',0),(268,231,1426,1,'',0),(269,232,1438,1,'',0),(270,233,1430,1,'',0),(271,234,1404,1,'',0),(272,235,3392,1,'',0),(273,236,1438,1,'',0),(274,237,1438,1,'',0),(275,238,1439,1,'',0),(276,239,3348,1,'',0),(277,240,1444,2,'string',0),(278,241,1359,3,'string',0),(279,241,1443,2,'string',0),(280,242,1438,1,'',0),(281,243,1423,1,'',0),(297,249,1424,1,'',0),(298,250,1443,3,'string',0),(299,251,3347,1,'',0),(300,252,3392,2,'string',0),(301,253,3372,1,'string',0),(302,254,1432,1,'',0),(303,254,3372,1,'',0),(304,255,1442,1,'',0),(305,256,3393,1,'',0),(306,257,1440,1,'string',0),(307,258,1396,1,'',0),(308,259,3364,1,'',0),(309,260,1367,1,'',0),(310,261,3406,1,'',0),(311,262,1414,1,'',0),(312,263,1444,1,'string',0),(313,264,1444,2,'',0),(314,265,3385,2,'string',0),(315,266,1386,1,'',0),(316,267,1356,1,'string',0),(317,268,1443,1,'',0),(320,270,3338,1,'string',0),(321,271,3337,1,'string',0),(322,272,1363,2,'string',0),(323,273,1364,1,'string',0),(324,274,1364,1,'string',0),(325,275,1364,1,'string',0),(326,276,1357,1,'string',0),(327,277,1364,2,'string',0),(328,279,1364,1,'string',11891500),(329,280,1364,1,'string',11891500),(330,281,1364,1,'string',11891500),(331,282,1364,1,'string',11891500),(332,283,1364,1,'string',11891500),(333,284,1364,1,'string',11891500),(334,285,1364,1,'string',11891500),(335,286,1364,1,'string',11891500),(336,287,1364,1,'string',11891500),(337,288,1364,1,'string',11891500),(338,289,1364,1,'string',11891500),(339,290,1364,1,'string',11891500),(340,291,1364,1,'string',11891500),(341,292,1364,1,'string',11891500),(342,293,1364,1,'string',11891500),(343,294,1364,1,'string',11891500),(344,295,1364,1,'string',11891500),(345,296,1364,1,'string',11891500),(346,297,1364,2,'string',11891500),(347,298,1364,2,'string',11891500),(348,299,1364,2,'string',11891500),(349,300,1364,2,'string',11891500),(350,301,1364,2,'string',11891500),(351,302,1364,2,'string',11891500),(352,303,1364,2,'string',11891500),(353,304,1364,1,'string',11891500),(354,305,1425,1,'',239200),(355,306,1418,1,'',11199200),(356,307,3382,1,'',12799200),(357,308,1428,1,'',38350),(358,309,1429,1,'',181300),(359,310,1364,1,'string',11891500),(360,311,3336,1,'string',26341500),(361,312,3338,1,'string',11891500),(362,313,3337,1,'string',19541500),(363,314,3337,1,'string',19541500),(364,315,3337,1,'string',19541500),(365,316,3337,1,'string',19541500),(366,317,3333,1,'string',11891500),(367,318,3390,1,'string',879200),(368,319,3333,1,'string',11891500),(369,320,1359,1,'string',11891500),(370,321,1436,1,'string',26341500),(371,322,1436,1,'string',26341500),(372,323,1436,1,'string',26341500),(373,324,1439,1,'',23791500),(374,325,3382,1,'string',12799200),(375,326,1440,1,'',12741500),(376,327,3352,1,'',1039200),(377,328,1428,1,'',38350),(378,329,1430,1,'',113400),(379,330,3386,1,'',159200),(380,331,3386,1,'',159200),(381,332,1388,1,'',1599200),(382,333,1388,1,'',1599200);
/*!40000 ALTER TABLE `order_detail` ENABLE KEYS */;
UNLOCK TABLES;

--
-- Table structure for table `payment_method`
--

DROP TABLE IF EXISTS `payment_method`;
/*!40101 SET @saved_cs_client     = @@character_set_client */;
/*!50503 SET character_set_client = utf8mb4 */;
CREATE TABLE `payment_method` (
  `ID` int NOT NULL AUTO_INCREMENT,
  `DESC` varchar(100) NOT NULL,
  `IS_DELETE` tinyint NOT NULL DEFAULT (0),
  PRIMARY KEY (`ID`)
) ENGINE=InnoDB AUTO_INCREMENT=5 DEFAULT CHARSET=utf8mb4 COLLATE=utf8mb4_0900_ai_ci;
/*!40101 SET character_set_client = @saved_cs_client */;

--
-- Dumping data for table `payment_method`
--

LOCK TABLES `payment_method` WRITE;
/*!40000 ALTER TABLE `payment_method` DISABLE KEYS */;
INSERT INTO `payment_method` VALUES (1,'Thanh Toán Khi Nhân Hàng',0),(2,'PayPal',0),(3,'VNPay',0);
/*!40000 ALTER TABLE `payment_method` ENABLE KEYS */;
UNLOCK TABLES;

--
-- Table structure for table `role`
--

DROP TABLE IF EXISTS `role`;
/*!40101 SET @saved_cs_client     = @@character_set_client */;
/*!50503 SET character_set_client = utf8mb4 */;
CREATE TABLE `role` (
  `ID` int NOT NULL AUTO_INCREMENT,
  `NAME` varchar(100) NOT NULL,
  PRIMARY KEY (`ID`)
) ENGINE=InnoDB AUTO_INCREMENT=4 DEFAULT CHARSET=utf8mb4 COLLATE=utf8mb4_0900_ai_ci;
/*!40101 SET character_set_client = @saved_cs_client */;

--
-- Dumping data for table `role`
--

LOCK TABLES `role` WRITE;
/*!40000 ALTER TABLE `role` DISABLE KEYS */;
INSERT INTO `role` VALUES (1,'USER'),(2,'ADMIN'),(3,'SHIPER');
/*!40000 ALTER TABLE `role` ENABLE KEYS */;
UNLOCK TABLES;

--
-- Table structure for table `user`
--

DROP TABLE IF EXISTS `user`;
/*!40101 SET @saved_cs_client     = @@character_set_client */;
/*!50503 SET character_set_client = utf8mb4 */;
CREATE TABLE `user` (
  `ID` int NOT NULL AUTO_INCREMENT,
  `FIRST_NAME` varchar(100) NOT NULL,
  `LAST_NAME` varchar(100) NOT NULL,
  `DATE_OF_BIRTH` date DEFAULT NULL,
  `ADDRESS` text,
  `PHONE` varchar(20) DEFAULT NULL,
  `GENDER` tinyint DEFAULT NULL,
  `EMAIL` varchar(100) NOT NULL,
  `PASSWORD` text NOT NULL,
  `IMAGE` text NOT NULL DEFAULT (_utf8mb4''),
  `ROLE_ID` int NOT NULL,
  `IS_DELETE` tinyint NOT NULL DEFAULT (0),
  `STATUS_ACCOUNT` tinyint NOT NULL DEFAULT '0',
  `SALT` text,
  `PROVIDER` varchar(20) NOT NULL DEFAULT 'LOCAL',
  PRIMARY KEY (`ID`),
  UNIQUE KEY `UNIQUE_EMAIL_PROVIDER` (`EMAIL`,`PROVIDER`),
  KEY `FK_USER_ROLE` (`ROLE_ID`),
  CONSTRAINT `FK_USER_ROLE` FOREIGN KEY (`ROLE_ID`) REFERENCES `role` (`ID`)
) ENGINE=InnoDB AUTO_INCREMENT=139 DEFAULT CHARSET=utf8mb4 COLLATE=utf8mb4_0900_ai_ci;
/*!40101 SET character_set_client = @saved_cs_client */;

--
-- Dumping data for table `user`
--

LOCK TABLES `user` WRITE;
/*!40000 ALTER TABLE `user` DISABLE KEYS */;
INSERT INTO `user` VALUES (1,'huy','nguyen','2023-11-01','098 Ton Duc Thang','09893840384',1,'huy@12345','$2a$10$z3cW7QhQvVdD2D4WQUr5VOm40tIJTo14EnTbbIEm1jFolIN1ebkFa','https://res.cloudinary.com/dte2ps5qs/image/upload/v1700431912/zo74ugufya9ayvuntmvn.png',1,0,1,NULL,'LOCAL'),(2,'huy','nguyen','2023-11-01','098 Ton Duc Thang','09893840384',1,'huy@123456','$2a$10$FY0v9kFEb3ajqKdJX3LXKuhmEymYnJ7LNo5FUAmPaBgoUmsN5t/v6','https://res.cloudinary.com/dte2ps5qs/image/upload/v1700431912/zo74ugufya9ayvuntmvn.png',1,0,1,NULL,'LOCAL'),(3,'Nguyen','Duc','2023-11-10','Quế Sơn, Quảng Nam','0935310446',0,'duc@123','$2a$10$Y2r4xAvnrilXbmpgko2ZZ.IHNjgwkXMln/q0irl6am8GDuCtdLXcS','https://res.cloudinary.com/dte2ps5qs/image/upload/v1700431912/zo74ugufya9ayvuntmvn.png',1,0,1,NULL,'LOCAL'),(4,'Nguyen','Duc','2023-11-10','Quế Sơn, Quảng Nam','0935310446',0,'duc@1234','$2a$10$eypbvUcqXRfAvSltprJ2HuSJTMabuy/RXEm69/wDNi2ddSgz6Jie6','https://res.cloudinary.com/dte2ps5qs/image/upload/v1700431912/zo74ugufya9ayvuntmvn.png',1,0,1,NULL,'LOCAL'),(5,'Nguyen','Duc','2023-11-10','Quế Sơn, Quảng Nam','0935310446',0,'duc@12345','$2a$10$sNqCJQYClorEV96I6GcnsO8BfzG93XIuQr7lSLDuw0xcD06XT97FS','https://res.cloudinary.com/dte2ps5qs/image/upload/v1700431912/zo74ugufya9ayvuntmvn.png',1,0,1,NULL,'LOCAL'),(6,'Nguyen','Duc','2023-11-10','Quế Sơn, Quảng Nam','0935310446',0,'duc@123456','$2a$10$KXqhliIvplG.t04asXmMveuFgqo7Lmgefai7AqnGXTmXvDbJBUivS','https://res.cloudinary.com/dte2ps5qs/image/upload/v1700431912/zo74ugufya9ayvuntmvn.png',1,0,1,NULL,'LOCAL'),(7,'Nguyen','Duc','2023-11-10','Quế Sơn, Quảng Nam','0935310446',0,'duc@1234567','$2a$10$XtRMGMtlLgAhWLh9s3oMGuzWwp58I1gbWlzk2ZRfQwwyY.5UUIh.6','https://res.cloudinary.com/dte2ps5qs/image/upload/v1700431912/zo74ugufya9ayvuntmvn.png',1,0,1,NULL,'LOCAL'),(8,'Nguyen','Duc','2023-11-10','Quế Sơn, Quảng Nam','0935310446',0,'duc@1234568','$2a$10$waMrmc4C6a67iHeIC.8EVO3vP9YmFDJk5KoDq5t1IrKLyBhwlJWQu','https://res.cloudinary.com/dte2ps5qs/image/upload/v1700431912/zo74ugufya9ayvuntmvn.png',1,0,1,NULL,'LOCAL'),(9,'Nguyen','Duc','2023-11-10','Quế Sơn, Quảng Nam','0935310446',0,'duc@1234569','$2a$10$dzZ5KJ0qv5wJ6ltujR.97O6v8BBWAARlIfsR/jHLUqA4ahpR29VOS','https://res.cloudinary.com/dte2ps5qs/image/upload/v1700431912/zo74ugufya9ayvuntmvn.png',1,0,1,NULL,'LOCAL'),(10,'Nguyen','Duc','2023-11-10','Quế Sơn, Quảng Nam','0935310446',0,'duc@123456789','$2a$10$P3SDl2e84lvPJqMy0tA0Me/pBreHLXAMAaY0jLtCoFJZFmdmj4oYa','https://res.cloudinary.com/dte2ps5qs/image/upload/v1700431912/zo74ugufya9ayvuntmvn.png',1,0,1,NULL,'LOCAL'),(12,'test1','test11','2003-11-01','011 Ton Duc Thang','09747436352',1,'test123@gmail.com','$2a$10$TX0TbhzqUCs4Qo63Ywf9g.TdlDNn110kitG5kXdRpCOB35QOIuzru','http://res.cloudinary.com/dte2ps5qs/image/upload/v1700669929/majkagzbruq2eat48rpa.jpg',1,0,1,NULL,'LOCAL'),(18,'Huynhs','Pham','2023-11-01','098 Ton Duc Thang','09893840384',1,'conghuypham98@gmail.com','$2a$10$WBtsqOAcARt37jTh53nvkOtpTKPUDKSSv.tmm5tgbUVKNPUcmfCVq','http://res.cloudinary.com/dte2ps5qs/image/upload/v1700669929/majkagzbruq2eat48rpa.jpg',1,0,1,'$2a$10$lawxPLE0keHegWekwvH1.O','LOCAL'),(55,'Vu','nguyen','2023-11-01','090 Ton Duc Thang','123',1,'hoangvu5607@gmail.com','$2a$10$u0OMhg5XO05Wma26ag7KoOjuD.hf22XTZ9aVO3Putph4O24GAcNzO','',1,0,0,'$2a$10$UH4I0TTDZzIffBHogVJo8u','LOCAL'),(80,'Đức','Nguyễn','2002-05-11','151/28 Âu cơ,Hòa Khánh Bắc,Liên Chiểu','0935310446',0,'ducnguyen.12965@gmail.com','$2a$10$k7VPHlslI/jK9c./Fl5z9.LRIHyIXzXNqkRybtY5g5k0XEWtd6t2m','http://res.cloudinary.com/dte2ps5qs/image/upload/v1702119580/vk0ir1ze1b5lxdm10ht9.jpg',1,0,1,'$2a$10$jVJSIw4RYSn7hHcThTjKNu','LOCAL'),(83,'Vu','nguyen','2023-11-01','090 Ton Duc Thang','111',1,'hoangvu5607@gmail.comh','$2a$10$PBzq.RFFJFmq9W2r8Q7QUuWnjWRVwewMOwaU1xN1jePBMpDenljs2','',1,0,0,'$2a$10$zvIwgV2Bk07dyodzpUdysO','LOCAL'),(85,'Vu','nguyen','2023-11-01','090 Ton Duc Thang','123',1,'hoangvu5688807@gmail.com','$2a$10$Jaz10lWi3gyrhVQ.dpUXtuQKERjVWyOpnL2uZolGC4y64oRsQwvs6','',1,0,0,'$2a$10$8I9Vm/TEWb/ZzwWfShOul.','LOCAL'),(86,'vu','vu','2002-08-08','tamky','123',0,'vu@gmail.com','$2a$10$j4Hn6lIHEU.C4XROm0k9EehprisCvxTUtfulQ7JllTah8BXpjTyPC','string',1,0,0,'$2a$10$76hk6S.EMWQOb4hwzsbrcO','LOCAL'),(87,'Vu','nguyen','2023-11-01','090 Ton Duc Thang','09893840311',1,'hoangvu560000@gmail.com','$2a$10$s63TGc.sJIfTwgFpgyPYj.By.rbcF3h9I59UHYaC56Gj34lummRvS','',1,0,0,'$2a$10$EoW3YqmAR/0VONYhbFPk6e','LOCAL'),(91,'Long','Ok','2023-11-01','AKAKAK','0346877426',0,'tunguyen54545@gmail.com','$2a$10$VjRLB1k0eotc/znSuNtb1e5MztCP21SEuEt1RLoyZlRALJ6m3TvQO','https://res.cloudinary.com/dte2ps5qs/image/upload/v1700431912/zo74ugufya9ayvuntmvn.png',2,0,1,'$2a$10$FNsHMJ4QbSxqSpJL7Jfx4O','LOCAL'),(92,'Huy','Alo','2008-02-08','mafia in tơ nét','+84346855436',0,'conghuypham.work@gmail.com','$2a$10$LKKZnRaCnyVUDw88hWVWOO1Oq6Tp3bv/lGYGvferLGij8cG9hJeke','https://res.cloudinary.com/dte2ps5qs/image/upload/v1700431912/zo74ugufya9ayvuntmvn.png',1,0,1,'$2a$10$aj9RfU2yOU0isFutMvVeb.','LOCAL'),(95,'Truong','Huy','2007-01-02','218/34 Nguyễn Lương bằng','02389472384',0,'tpham1467@gmail.com','$2a$10$OiQH6bFVEI3kKcVHZnljCeVdaePC3JfyFAdAU6OSkI89vnm9HquPq','https://res.cloudinary.com/dte2ps5qs/image/upload/v1700431912/zo74ugufya9ayvuntmvn.png',1,0,0,'$2a$10$0bFRZrUwFBUxyCWp.XjuiO','LOCAL'),(97,'Huy','Test','2023-12-29','Da năng ','092742672',0,'hpham1999102@gmail.com','$2a$10$DVzRwYQsLOn0DSe9BlhlIepTESCRV.DzZXb/qkTqi2fxJyFe.PCau','https://res.cloudinary.com/dte2ps5qs/image/upload/v1700431912/zo74ugufya9ayvuntmvn.png',1,0,0,'$2a$10$Z545D5/msvb.8iIq0mb9j.','LOCAL'),(98,'Vu','nguyen','2023-11-01','090 Ton Duc Thang','11122233',1,'hoangvu56099999@gmail.com','$2a$10$e3ciwiDBg9.Wi0VqHaUxOOHZofo9QYM6FUdQrLotP/P.LsgnjN7kG','',1,0,0,'$2a$10$HljYWhv4Br8/Is0m3AjfZO','LOCAL'),(101,'Vu','nguyen','2023-11-01','090 Ton Duc Thang','09893840311',1,'hoangvu5600@gmail.com','$2a$10$7s5L4MTBxEBZ0Zv6k3LFfeUVpuYgc09E8EG5wOLSOr4.g4jOtiWze','',1,0,0,'$2a$10$qMYY90QPx0F8VNz3o2DKJ.','LOCAL'),(102,'Vu','nguyen','2023-11-01','090 Ton Duc Thang','09893840311',1,'hoangvu56000@gmail.com','$2a$10$I06a72rdBpRresvuRrp.buOzXAMkefIrSa7X3Xhbt3Q.TNaX6NZ5W','',1,0,0,'$2a$10$/TfRNWhefU8xUBmSyafpke','LOCAL'),(109,'Vũ','Hoàng','2023-11-01','Đà Nẵng,','098232323',1,'adasda','$2a$10$150M4qNejAEOVBiEfPOVQOVWkv5B5Z4IK2iwKJ.r9w0SIXFrOUcoS','https://res.cloudinary.com/dte2ps5qs/image/upload/v1700431912/zo74ugufya9ayvuntmvn.png',1,0,0,'$2a$10$Nck9JP8xNZyFp292vcPple','LOCAL'),(115,'Nguyễn Đắc ','Đức','2002-05-11','Quảng Nam','0935310446',0,'gkldkgj','$2a$10$pN6fffERz2zNaMvWHSNJtenclOeetWPwCBICYLf7BLyh4Gd5OCsl2','https://res.cloudinary.com/dte2ps5qs/image/upload/v1700431912/zo74ugufya9ayvuntmvn.png',1,0,1,'$2a$10$AggKrtCZ5/sFS8D827PGcu','LOCAL'),(116,'Vu','nguyen','2023-11-01','090 Ton Duc Thang','122',0,'hoangvu101@gmail.com','$2a$10$nrlBPFG95wHd.CyrZCzjr.GwA1Rbrpv4vgfkA7I5pNq0hDh1Aj63O','',1,0,0,'$2a$10$c2eYi7zyW9nAb479WwMAWe','LOCAL'),(117,'Đức','Cẩu','2004-02-20','dhfghgfjgh','03859374985',0,'carqywimrfqap@exelica.com','$2a$10$bYKttwjLHkf7ebVTQZibEeAmFyjg2ReQFqZPxLtuFHTaRG2/XI5bi','https://res.cloudinary.com/dte2ps5qs/image/upload/v1700431912/zo74ugufya9ayvuntmvn.png',1,0,0,'$2a$10$hwjI76zGwNGZR3oR/oeLs.','LOCAL'),(127,'Nguyễn','Đắc Đức',NULL,NULL,NULL,NULL,'ducnguyen.12965@gmail.com','$2a$10$k7VPHlslI/jK9c./Fl5z9.LRIHyIXzXNqkRybtY5g5k0XEWtd6t2m','https://lh3.googleusercontent.com/a/ACg8ocIJMqWxWqvHRmP74NiqN6xB1tLcMzZQw4mzaKb07mg4=s96-c',1,0,1,'$2a$10$a6CThfaHq7bKiLqQGtnffu','GOOGLE'),(128,'Huy','Phạm Công',NULL,NULL,NULL,NULL,'conghuypham98@gmail.com','$2a$10$4M4ywLb59Zt.hW7y1HNfK.mI6px5fx.Gsr1Dcc/FyCR9/tMWgrZJa','https://lh3.googleusercontent.com/a/ACg8ocKuiIwLQbT-LjwC7UhWkkYQe8wF_AmJacBEncPOB0IeqA=s96-c',1,0,1,'$2a$10$JciwYjXBZL9db8dH0Y5wge','GOOGLE'),(129,'Phạm','Huy',NULL,NULL,NULL,NULL,'huyentertainment999@gmail.com','$2a$10$55JVd6dk1atfv4maptmzFOA.xjOsqGrrip/jJ5LGoZ7vB/90jwqL.','https://lh3.googleusercontent.com/a/ACg8ocL5WwBpIaLVt7agHJLL77RWGczFkPn9bC7IJqJ_WnIn5w=s96-c',1,0,1,'$2a$10$el4ICPxz.ZdiCnCOrxMizu','GOOGLE'),(130,'Vu','nguyen','2023-11-01','090 Ton Duc Thang','123',1,'hoangvu123@gmail.com','$2a$10$A30vtaxi5k77OVU6AJq9TekZbimSrt273HKeO5lOMohJWR.VoL2D6','',1,0,0,'$2a$10$uL.pyzTbl1ieXJ.f7R0ha.','LOCAL'),(132,'Nguyen','Duc','2024-01-21','Quế Sơn, Quảng Nam','0935310446',0,'dalih03012001@gmail.com','$2a$10$9e.hXdzDwMYXdm2GyXUMFu2lbR.jESdXVJLJkwGRi8mIXow61N90W','https://res.cloudinary.com/dte2ps5qs/image/upload/v1700431912/zo74ugufya9ayvuntmvn.png',1,0,1,'$2a$10$573OrAP8s1JBLbzmv56hiu','LOCAL'),(133,'Vu','nguyen','2023-11-01','090 Ton Duc Thang','0384535073',1,'nguyenhoangvutl@gmail.com','$2a$10$htYSpdf9uwu87pJxwz6I9eHDS3nxKTbB5OPTXbwTEKjP1EuWRgKEu','',1,0,0,'$2a$10$F1CrTChEKMqXY7jUtsQkju','LOCAL'),(134,'Vu','nguyen','2023-11-01','090 Ton Duc Thang','123',1,'hoangvu5@gmail.com','$2a$10$5OWmrIeFnHXGv49R/RTZAeBrDfzvTqw7UEP2Ma6jdwwaJcKlJ4DXy','',1,0,0,'$2a$10$imCGZwvsY/nwg./MustcZO','LOCAL'),(135,'Vu','nguyen','2023-11-01','090 Ton Duc Thang','123',1,'hoangvu7@gmail.com','$2a$10$lt2gruNoFsG1DGK09Ww2yOvxMYg6LqMfkqDfZ8j.QgrKf7nAFtykq','https://th.bing.com/th/id/OIP.GKRHL0liZHDKBSIi_TW7ZAHaHa?rs=1&pid=ImgDetMain',1,0,0,'$2a$10$OsnuR/H0A5LqDgBU4RZ7UO','LOCAL');
/*!40000 ALTER TABLE `user` ENABLE KEYS */;
UNLOCK TABLES;
/*!40103 SET TIME_ZONE=@OLD_TIME_ZONE */;

/*!40101 SET SQL_MODE=@OLD_SQL_MODE */;
/*!40014 SET FOREIGN_KEY_CHECKS=@OLD_FOREIGN_KEY_CHECKS */;
/*!40014 SET UNIQUE_CHECKS=@OLD_UNIQUE_CHECKS */;
/*!40101 SET CHARACTER_SET_CLIENT=@OLD_CHARACTER_SET_CLIENT */;
/*!40101 SET CHARACTER_SET_RESULTS=@OLD_CHARACTER_SET_RESULTS */;
/*!40101 SET COLLATION_CONNECTION=@OLD_COLLATION_CONNECTION */;
/*!40111 SET SQL_NOTES=@OLD_SQL_NOTES */;

-- Dump completed on 2024-01-16 20:05:09
